Time,Host,Service,Port,Protocol,Type,Data
"2025-09-07 12:29:33 UTC","10.237.31.167","","","","host.last_boot","{:time=>""Sun Sep 7 09:40:21 2025""}"
"2025-09-07 12:29:33 UTC","10.252.176.154","","","","host.last_boot","{:time=>""Mon Sep 8 10:57:15 2025""}"
"2025-09-07 12:29:34 UTC","10.172.123.57","","","","host.last_boot","{:time=>""Sat Aug 30 04:50:32 2025""}"
"2025-09-07 12:29:34 UTC","10.80.70.36","","","","host.os.nmap_fingerprint","{:os_vendor=>""Microsoft"", :os_family=>""Windows"", :os_version=>""2016"", :os_accuracy=>87}"
"2025-09-07 12:29:34 UTC","10.172.123.70","","","","host.last_boot","{:time=>""Sat Aug 30 04:28:17 2025""}"
"2025-09-07 12:29:34 UTC","10.67.108.106","","","","host.os.nmap_fingerprint","{:os_vendor=>""Microsoft"", :os_family=>""Windows"", :os_version=>""2016"", :os_accuracy=>87}"
"2025-09-07 12:29:34 UTC","10.183.61.130","","","","host.os.nmap_fingerprint","{:os_vendor=>""OpenBSD"", :os_family=>""OpenBSD"", :os_version=>""4.X"", :os_accuracy=>85}"
"2025-09-07 12:29:34 UTC","10.210.211.63","","","","host.os.nmap_fingerprint","{:os_vendor=>""Microsoft"", :os_family=>""Windows"", :os_version=>""2016"", :os_accuracy=>87}"
"2025-09-07 12:29:34 UTC","10.80.23.183","","","","host.os.nmap_fingerprint","{:os_vendor=>""Microsoft"", :os_family=>""Windows"", :os_version=>""2012"", :os_accuracy=>94}"
"2025-09-07 12:29:34 UTC","10.80.23.183","","","","host.last_boot","{:time=>""Sun Feb 23 10:29:16 2025""}"
"2025-09-07 12:29:34 UTC","10.69.72.240","","","","host.last_boot","{:time=>""Thu Aug 21 01:15:39 2025""}"
"2025-09-07 12:29:34 UTC","10.67.110.154","","","","host.last_boot","{:time=>""Mon Sep 8 10:57:16 2025""}"
"2025-09-07 12:29:34 UTC","10.183.61.130","","","","host.last_boot","{:time=>""Mon Sep 8 10:57:14 2025""}"
"2025-09-07 12:29:34 UTC","10.210.211.63","","","","host.last_boot","{:time=>""Mon Sep 8 07:48:53 2025""}"
"2025-09-07 12:29:34 UTC","10.80.1.254","","","","host.os.nmap_fingerprint","{:os_vendor=>""Microsoft"", :os_family=>""Windows"", :os_version=>""2008"", :os_accuracy=>100}"
"2025-09-07 12:29:34 UTC","10.162.251.64","","","","host.os.nmap_fingerprint","{:os_vendor=>""Microsoft"", :os_family=>""Windows"", :os_version=>""2012"", :os_accuracy=>94}"
"2025-09-07 12:29:34 UTC","10.162.251.64","","","","host.last_boot","{:time=>""Sun Feb 23 10:15:15 2025""}"
"2025-09-07 12:29:34 UTC","10.80.10.152","","","","host.last_boot","{:time=>""Sun Feb 23 11:35:52 2025""}"
"2025-09-07 12:29:34 UTC","10.162.198.248","","","","host.os.nmap_fingerprint","{:os_vendor=>""Microsoft"", :os_family=>""Windows"", :os_version=>""2012"", :os_accuracy=>89}"
"2025-09-07 12:29:34 UTC","10.97.119.225","","","","host.os.nmap_fingerprint","{:os_vendor=>""Microsoft"", :os_family=>""Windows"", :os_version=>""2016"", :os_accuracy=>87}"
"2025-09-07 12:29:34 UTC","10.102.237.149","","","","host.os.nmap_fingerprint","{:os_vendor=>""Microsoft"", :os_family=>""Windows"", :os_version=>""2016"", :os_accuracy=>87}"
"2025-09-07 12:29:34 UTC","10.102.237.149","","","","host.last_boot","{:time=>""Sun Sep 7 10:08:37 2025""}"
"2025-09-07 12:29:34 UTC","10.80.4.237","","","","host.os.nmap_fingerprint","{:os_vendor=>""Microsoft"", :os_family=>""Windows"", :os_version=>""2019"", :os_accuracy=>94}"
"2025-09-07 12:29:34 UTC","10.74.240.44","","","","host.last_boot","{:time=>""Wed Sep 3 15:48:49 2025""}"
"2025-09-07 12:29:34 UTC","10.159.6.144","","","","host.os.nmap_fingerprint","{:os_vendor=>""Linux"", :os_family=>""Linux"", :os_version=>""4.X"", :os_accuracy=>92}"
"2025-09-07 12:29:34 UTC","10.159.6.144","","","","host.last_boot","{:time=>""Thu Sep 4 03:29:30 2025""}"
"2025-09-07 12:29:34 UTC","10.69.32.242","","","","host.last_boot","{:time=>""Sun Sep 7 15:29:24 2025""}"
"2025-09-07 12:29:34 UTC","10.47.159.57","","","","host.os.nmap_fingerprint","{:os_vendor=>""Microsoft"", :os_family=>""Windows"", :os_version=>""2016"", :os_accuracy=>87}"
"2025-09-07 12:29:34 UTC","10.162.198.248","","","","host.last_boot","{:time=>""Sun Sep 7 10:18:10 2025""}"
"2025-09-07 12:29:34 UTC","10.97.119.225","","","","host.last_boot","{:time=>""Mon Sep 8 07:22:08 2025""}"
"2025-09-07 12:29:34 UTC","10.16.249.246","","","","host.last_boot","{:time=>""Mon Sep 8 10:57:16 2025""}"
"2025-09-07 12:29:34 UTC","10.161.154.129","","","","host.last_boot","{:time=>""Mon Sep 8 10:57:15 2025""}"
"2025-09-07 12:29:34 UTC","10.91.218.78","","","","host.last_boot","{:time=>""Wed Aug 27 22:43:04 2025""}"
"2025-09-07 12:29:34 UTC","10.47.159.57","","","","host.last_boot","{:time=>""Thu Aug 21 01:03:14 2025""}"
"2025-09-07 12:29:34 UTC","10.214.27.37","","","","host.os.nmap_fingerprint","{:os_vendor=>""Microsoft"", :os_family=>""Windows"", :os_version=>""2019"", :os_accuracy=>92}"
"2025-09-07 12:29:34 UTC","10.84.194.43","","","","host.os.nmap_fingerprint","{:os_vendor=>""Microsoft"", :os_family=>""Windows"", :os_version=>""2019"", :os_accuracy=>85}"
"2025-09-07 12:29:34 UTC","10.4.64.221","","","","host.last_boot","{:time=>""Wed Aug 27 22:38:08 2025""}"
"2025-09-07 12:29:34 UTC","10.84.185.246","","","","host.last_boot","{:time=>""Mon Aug 25 05:56:49 2025""}"
"2025-09-07 12:29:34 UTC","10.80.70.36","","","","host.last_boot","{:time=>""Sun Sep 7 15:06:31 2025""}"
"2025-09-07 12:29:34 UTC","10.67.108.106","","","","host.last_boot","{:time=>""Mon Aug 11 01:02:49 2025""}"
"2025-09-07 12:29:34 UTC","10.80.10.152","","","","host.os.nmap_fingerprint","{:os_vendor=>""Microsoft"", :os_family=>""Windows"", :os_version=>""2012"", :os_accuracy=>92}"
"2025-09-08 07:58:43 UTC","10.252.176.154","https","443","tcp","nmap.nse.http-methods.tcp.443","{""output""=>""\n Potentially risky methods: TRACE""}"
"2025-09-08 07:58:43 UTC","10.252.176.154","https","443","tcp","nmap.nse.http-title.tcp.443","{""output""=>""Site doesn't have a title (text/html).""}"
"2025-09-08 07:58:43 UTC","10.252.176.154","https","443","tcp","nmap.nse.ssl-date.tcp.443","{""output""=>""TLS randomness does not represent time""}"
"2025-09-08 07:58:43 UTC","10.252.176.154","https","443","tcp","nmap.nse.ssl-cert.tcp.443","{""output""=>""Subject: commonName=bst-d0f4155d-71f9-4660-8d00-a4c4c5501ba1.bastion.azure.com/organizationName=Microsoft Corporation/stateOrProvinceName=WA/countryName=US\nSubject Alternative Name: DNS:bst-d0f4155d-71f9-4660-8d00-a4c4c5501ba1.bastion.azure.com, DNS:bst-d0f4155d-71f9-4660-8d00-a4c4c5501ba1-0.bastion.azure.com, DNS:bst-d0f4155d-71f9-4660-8d00-a4c4c5501ba1-1.bastion.azure.com\nNot valid before: 2025-08-01T04:26:47\nNot valid after: 2026-01-28T04:26:47""}"
"2025-09-08 07:58:43 UTC","10.252.176.154","","","","host.os.nmap_fingerprint","{:os_vendor=>""OpenBSD"", :os_family=>""OpenBSD"", :os_version=>""4.X"", :os_accuracy=>85}"
"2025-09-08 07:58:43 UTC","10.237.31.167","http","80","tcp","nmap.nse.http-title.tcp.80","{""output""=>""Did not follow redirect to https://10.237.31.167/""}"
"2025-09-08 07:58:43 UTC","10.237.31.167","https","443","tcp","nmap.nse.ssl-cert.tcp.443","{""output""=>""Subject: commonName=ca.org-domain2.com\nSubject Alternative Name: DNS:mm.ca.org-domain2.com, DNS:mmapi.ca.org-domain2.com, DNS:tech.ca.org-domain2.com, DNS:ca.org-domain5.com, DNS:ca.org-domain2.com, DNS:www.ca.org-domain2.com\nNot valid before: 2025-06-08T08:28:31\nNot valid after: 2026-07-10T08:28:31""}"
"2025-09-08 07:58:43 UTC","10.237.31.167","https","443","tcp","nmap.nse.http-title.tcp.443","{""output""=>""Not Found""}"
"2025-09-08 07:58:43 UTC","10.237.31.167","https","443","tcp","nmap.nse.ssl-date.tcp.443","{""output""=>""TLS randomness does not represent time""}"
"2025-09-08 07:58:44 UTC","10.67.108.106","https","443","tcp","nmap.nse.http-methods.tcp.443","{""output""=>""\n Potentially risky methods: TRACE""}"
"2025-09-08 07:58:44 UTC","10.172.123.70","https-alt","8443","tcp","nmap.nse.http-title.tcp.8443","{""output""=>""Service""}"
"2025-09-08 07:58:44 UTC","10.172.123.70","https-alt","8443","tcp","nmap.nse.ssl-cert.tcp.8443","{""output""=>""Subject: commonName=2dd20066-470f-4b82-845f-71cfbac8ef11.gwt.cloudapp.net\nSubject Alternative Name: DNS:azuregateway-2dd20066-470f-4b82-845f-71cfbac8ef11-807f4843b0e4.gwt.cloudapp.net\nNot valid before: 2025-06-25T22:50:15\nNot valid after: 2025-12-22T22:50:15""}"
"2025-09-08 07:58:44 UTC","10.172.123.70","https-alt","8443","tcp","nmap.nse.http-server-header.tcp.8443","{""output""=>""Microsoft-HTTPAPI/2.0""}"
"2025-09-08 07:58:44 UTC","10.172.123.70","https-alt","8443","tcp","nmap.nse.ssl-date.tcp.8443","{""output""=>""TLS randomness does not represent time""}"
"2025-09-08 07:58:44 UTC","10.80.70.36","http","80","tcp","nmap.nse.http-server-header.tcp.80","{""output""=>""Microsoft-IIS/10.0""}"
"2025-09-08 07:58:44 UTC","10.80.70.36","http","80","tcp","nmap.nse.http-methods.tcp.80","{""output""=>""\n Potentially risky methods: TRACE""}"
"2025-09-08 07:58:44 UTC","10.80.70.36","http","80","tcp","nmap.nse.http-title.tcp.80","{""output""=>""Site doesn't have a title (text/html).""}"
"2025-09-08 07:58:44 UTC","10.80.70.36","https","443","tcp","nmap.nse.http-server-header.tcp.443","{""output""=>""Microsoft-IIS/10.0""}"
"2025-09-08 07:58:44 UTC","10.80.70.36","https","443","tcp","nmap.nse.http-methods.tcp.443","{""output""=>""\n Potentially risky methods: TRACE""}"
"2025-09-08 07:58:44 UTC","10.80.70.36","https","443","tcp","nmap.nse.ssl-cert.tcp.443","{""output""=>""Subject: commonName=*.org-domain3.com\nSubject Alternative Name: DNS:*.org-domain3.com, DNS:org-domain3.com\nNot valid before: 2025-06-01T07:30:59\nNot valid after: 2026-02-16T13:16:27""}"
"2025-09-08 07:58:44 UTC","10.80.70.36","https","443","tcp","nmap.nse.http-title.tcp.443","{""output""=>""Site doesn't have a title (text/html).""}"
"2025-09-08 07:58:44 UTC","10.67.108.106","http","80","tcp","nmap.nse.http-title.tcp.80","{""output""=>""Site doesn't have a title (text/html).""}"
"2025-09-08 07:58:44 UTC","10.67.108.106","http","80","tcp","nmap.nse.http-methods.tcp.80","{""output""=>""\n Potentially risky methods: TRACE""}"
"2025-09-08 07:58:44 UTC","10.67.108.106","http","80","tcp","nmap.nse.http-server-header.tcp.80","{""output""=>""Microsoft-IIS/10.0""}"
"2025-09-08 07:58:44 UTC","10.67.108.106","https","443","tcp","nmap.nse.http-server-header.tcp.443","{""output""=>""Microsoft-IIS/10.0""}"
"2025-09-08 07:58:44 UTC","10.67.108.106","https","443","tcp","nmap.nse.http-title.tcp.443","{""output""=>""Site doesn't have a title (text/html).""}"
"2025-09-08 07:58:44 UTC","10.67.108.106","https","443","tcp","nmap.nse.ssl-cert.tcp.443","{""output""=>""Subject: commonName=*.org-domain3.com\nSubject Alternative Name: DNS:*.org-domain3.com, DNS:org-domain3.com\nNot valid before: 2025-06-01T07:30:59\nNot valid after: 2026-02-16T13:16:27""}"
"2025-09-08 07:58:44 UTC","10.69.72.240","http","80","tcp","nmap.nse.http-server-header.tcp.80","{""output""=>""Microsoft-IIS/10.0""}"
"2025-09-08 07:58:44 UTC","10.69.72.240","http","80","tcp","nmap.nse.http-methods.tcp.80","{""output""=>""\n Potentially risky methods: TRACE""}"
"2025-09-08 07:58:44 UTC","10.69.72.240","http","80","tcp","nmap.nse.http-title.tcp.80","{""output""=>""Site doesn't have a title (text/html).""}"
"2025-09-08 07:58:44 UTC","10.69.72.240","https","443","tcp","nmap.nse.http-methods.tcp.443","{""output""=>""\n Potentially risky methods: TRACE""}"
"2025-09-08 07:58:44 UTC","10.69.72.240","https","443","tcp","nmap.nse.ssl-cert.tcp.443","{""output""=>""Subject: commonName=*.org-domain3.com\nSubject Alternative Name: DNS:*.org-domain3.com, DNS:org-domain3.com\nNot valid before: 2025-06-01T07:30:59\nNot valid after: 2026-02-16T13:16:27""}"
"2025-09-08 07:58:44 UTC","10.69.72.240","https","443","tcp","nmap.nse.http-title.tcp.443","{""output""=>""Site doesn't have a title (text/html).""}"
"2025-09-08 07:58:44 UTC","10.69.72.240","https","443","tcp","nmap.nse.http-server-header.tcp.443","{""output""=>""Microsoft-IIS/10.0""}"
"2025-09-08 07:58:44 UTC","10.67.110.154","http","80","tcp","nmap.nse.http-server-header.tcp.80","{""output""=>""Microsoft-Azure-Application-Gateway/v2""}"
"2025-09-08 07:58:45 UTC","10.67.110.154","http","80","tcp","nmap.nse.http-title.tcp.80","{""output""=>""Did not follow redirect to https://10.67.110.154/""}"
"2025-09-08 07:58:45 UTC","10.67.110.154","https","443","tcp","nmap.nse.ssl-cert.tcp.443","{""output""=>""Subject: commonName=*.org-domain3.com\nSubject Alternative Name: DNS:*.org-domain3.com, DNS:org-domain3.com\nNot valid before: 2025-06-01T07:30:59\nNot valid after: 2026-02-16T13:16:27""}"
"2025-09-08 07:58:45 UTC","10.67.110.154","https","443","tcp","nmap.nse.http-server-header.tcp.443","{""output""=>""Microsoft-Azure-Application-Gateway/v2""}"
"2025-09-08 07:58:45 UTC","10.67.110.154","https","443","tcp","nmap.nse.http-title.tcp.443","{""output""=>""404 Not Found""}"
"2025-09-08 07:58:45 UTC","10.183.61.130","http","80","tcp","nmap.nse.http-title.tcp.80","{""output""=>""404 Not Found""}"
"2025-09-08 07:58:45 UTC","10.183.61.130","http","80","tcp","nmap.nse.http-server-header.tcp.80","{""output""=>""Microsoft-Azure-Application-Gateway/v2""}"
"2025-09-08 07:58:45 UTC","10.183.61.130","https","443","tcp","nmap.nse.ssl-date.tcp.443","{""output""=>""TLS randomness does not represent time""}"
"2025-09-08 07:58:45 UTC","10.183.61.130","https","443","tcp","nmap.nse.ssl-cert.tcp.443","{""output""=>""Subject: commonName=*.org-domain8.com\nSubject Alternative Name: DNS:*.org-domain8.com, DNS:org-domain8.com\nNot valid before: 2025-05-04T18:00:40\nNot valid after: 2026-06-05T18:00:40""}"
"2025-09-08 07:58:45 UTC","10.183.61.130","https","443","tcp","nmap.nse.http-title.tcp.443","{""output""=>""404 Not Found""}"
"2025-09-08 07:58:45 UTC","10.183.61.130","https","443","tcp","nmap.nse.http-server-header.tcp.443","{""output""=>""Microsoft-Azure-Application-Gateway/v2""}"
"2025-09-08 07:58:45 UTC","10.210.211.63","http","80","tcp","nmap.nse.http-title.tcp.80","{""output""=>""Harmony""}"
"2025-09-08 07:58:45 UTC","10.80.23.183","http","80","tcp","nmap.nse.http-server-header.tcp.80","{""output""=>""Microsoft-IIS/8.5""}"
"2025-09-08 07:58:45 UTC","10.80.23.183","http","80","tcp","nmap.nse.http-title.tcp.80","{""output""=>""IIS Windows Server""}"
"2025-09-08 07:58:45 UTC","10.80.23.183","http","80","tcp","nmap.nse.http-methods.tcp.80","{""output""=>""\n Potentially risky methods: TRACE""}"
"2025-09-08 07:58:46 UTC","10.162.251.64","ftp","21","tcp","nmap.nse.ftp-syst.tcp.21","{""output""=>""\n SYST: UNIX emulated by FileZilla""}"
"2025-09-08 07:58:46 UTC","10.80.10.152","ftp","21","tcp","nmap.nse.ftp-syst.tcp.21","{""output""=>""\n SYST: UNIX emulated by FileZilla""}"
"2025-09-08 07:58:46 UTC","10.80.10.152","http","80","tcp","nmap.nse.http-trane-info.tcp.80","{""output""=>""Problem with XML parsing of /evox/about""}"
"2025-09-08 07:58:46 UTC","10.80.10.152","http","80","tcp","nmap.nse.http-title.tcp.80","{""output""=>""Harmony""}"
"2025-09-08 07:58:46 UTC","10.80.10.152","https","443","tcp","nmap.nse.http-title.tcp.443","{""output""=>""Not Found""}"
"2025-09-08 07:58:46 UTC","10.80.10.152","https","443","tcp","nmap.nse.ssl-date.tcp.443","{""output""=>""2025-09-08T07:58:35+00:00; 0s from scanner time.""}"
"2025-09-08 07:58:46 UTC","10.80.10.152","https","443","tcp","nmap.nse.http-server-header.tcp.443","{""output""=>""Microsoft-HTTPAPI/2.0""}"
"2025-09-08 07:58:46 UTC","10.80.10.152","https","443","tcp","nmap.nse.ssl-cert.tcp.443","{""output""=>""Subject: commonName=org-domain2.com\nSubject Alternative Name: DNS:org-domain2.com, DNS:www.org-domain2.com, DNS:www.org-domain5.com, DNS:mmapi.org-domain2.com, DNS:org-domain5.com, DNS:tst-mmapi.org-domain2.com, DNS:mm.org-domain2.com, DNS:tech.org-domain2.com, DNS:tst-mm.org-domain2.com, DNS:sms.org-domain2.com\nNot valid before: 2018-03-12T15:05:00\nNot valid after: 2020-03-12T15:05:00""}"
"2025-09-08 07:58:46 UTC","10.162.198.248","http","80","tcp","nmap.nse.http-title.tcp.80","{""output""=>""Harmony""}"
"2025-09-08 07:58:46 UTC","10.97.119.225","http","80","tcp","nmap.nse.http-title.tcp.80","{""output""=>""Harmony""}"
"2025-09-08 07:58:46 UTC","10.102.237.149","http","80","tcp","nmap.nse.http-title.tcp.80","{""output""=>""Harmony""}"
"2025-09-08 07:58:46 UTC","10.16.249.246","http","80","tcp","nmap.nse.http-server-header.tcp.80","{""output""=>""Microsoft-Azure-Application-Gateway/v2""}"
"2025-09-08 07:58:46 UTC","10.16.249.246","http","80","tcp","nmap.nse.http-title.tcp.80","{""output""=>""404 Not Found""}"
"2025-09-08 07:58:46 UTC","10.16.249.246","https","443","tcp","nmap.nse.http-server-header.tcp.443","{""output""=>""Microsoft-Azure-Application-Gateway/v2""}"
"2025-09-08 07:58:46 UTC","10.16.249.246","https","443","tcp","nmap.nse.ssl-date.tcp.443","{""output""=>""TLS randomness does not represent time""}"
"2025-09-08 07:58:46 UTC","10.16.249.246","https","443","tcp","nmap.nse.ssl-cert.tcp.443","{""output""=>""Subject: commonName=*.org-domain8.com\nSubject Alternative Name: DNS:*.org-domain8.com, DNS:org-domain8.com\nNot valid before: 2025-05-04T18:00:40\nNot valid after: 2026-06-05T18:00:40""}"
"2025-09-08 07:58:46 UTC","10.16.249.246","https","443","tcp","nmap.nse.tls-alpn.tcp.443","{""output""=>""\n h2\n http/1.1""}"
"2025-09-08 07:58:46 UTC","10.16.249.246","https","443","tcp","nmap.nse.http-title.tcp.443","{""output""=>""404 Not Found""}"
"2025-09-08 07:58:46 UTC","10.16.249.246","https","443","tcp","nmap.nse.tls-nextprotoneg.tcp.443","{""output""=>""\n h2\n http/1.1""}"
"2025-09-08 07:58:47 UTC","10.16.249.246","","","","host.os.nmap_fingerprint","{:os_vendor=>""OpenBSD"", :os_family=>""OpenBSD"", :os_version=>""4.X"", :os_accuracy=>85}"
"2025-09-08 07:58:47 UTC","10.161.154.129","http","80","tcp","nmap.nse.http-title.tcp.80","{""output""=>""404 Not Found""}"
"2025-09-08 07:58:47 UTC","10.161.154.129","http","80","tcp","nmap.nse.http-server-header.tcp.80","{""output""=>""Microsoft-Azure-Application-Gateway/v2""}"
"2025-09-08 07:58:47 UTC","10.161.154.129","https","443","tcp","nmap.nse.ssl-date.tcp.443","{""output""=>""TLS randomness does not represent time""}"
"2025-09-08 07:58:47 UTC","10.161.154.129","https","443","tcp","nmap.nse.tls-nextprotoneg.tcp.443","{""output""=>""\n h2\n http/1.1""}"
"2025-09-08 07:58:47 UTC","10.161.154.129","https","443","tcp","nmap.nse.tls-alpn.tcp.443","{""output""=>""\n h2\n http/1.1""}"
"2025-09-08 07:58:47 UTC","10.161.154.129","https","443","tcp","nmap.nse.http-server-header.tcp.443","{""output""=>""Microsoft-Azure-Application-Gateway/v2""}"
"2025-09-08 07:58:47 UTC","10.161.154.129","https","443","tcp","nmap.nse.http-title.tcp.443","{""output""=>""400 The plain HTTP request was sent to HTTPS port""}"
"2025-09-08 07:58:47 UTC","10.161.154.129","https","443","tcp","nmap.nse.ssl-cert.tcp.443","{""output""=>""Subject: commonName=*.org-domain8.com\nSubject Alternative Name: DNS:*.org-domain8.com, DNS:org-domain8.com\nNot valid before: 2025-05-04T18:00:40\nNot valid after: 2026-06-05T18:00:40""}"
"2025-09-08 07:58:47 UTC","10.80.4.237","http","80","tcp","nmap.nse.http-title.tcp.80","{""output""=>""IIS Windows Server""}"
"2025-09-08 07:58:47 UTC","10.80.4.237","http","80","tcp","nmap.nse.http-server-header.tcp.80","{""output""=>""Microsoft-IIS/10.0""}"
"2025-09-08 07:58:47 UTC","10.80.4.237","http","80","tcp","nmap.nse.http-methods.tcp.80","{""output""=>""\n Potentially risky methods: TRACE""}"
"2025-09-08 07:58:47 UTC","10.91.218.78","https-alt","8443","tcp","nmap.nse.http-title.tcp.8443","{""output""=>""Service""}"
"2025-09-08 07:58:47 UTC","10.91.218.78","https-alt","8443","tcp","nmap.nse.http-server-header.tcp.8443","{""output""=>""Microsoft-HTTPAPI/2.0""}"
"2025-09-08 07:58:47 UTC","10.91.218.78","https-alt","8443","tcp","nmap.nse.ssl-cert.tcp.8443","{""output""=>""Subject: commonName=3d5f0069-f096-42a4-8c7a-cacd0c63d735.gwt.cloudapp.net\nSubject Alternative Name: DNS:azuregateway-3d5f0069-f096-42a4-8c7a-cacd0c63d735-730ec66f2425.gwt.cloudapp.net\nNot valid before: 2025-06-26T16:59:59\nNot valid after: 2025-12-23T16:59:59""}"
"2025-09-08 07:58:47 UTC","10.91.218.78","https-alt","8443","tcp","nmap.nse.ssl-date.tcp.8443","{""output""=>""TLS randomness does not represent time""}"
"2025-09-08 07:58:47 UTC","10.74.240.44","https","443","tcp","nmap.nse.ssl-cert.tcp.443","{""output""=>""Subject: commonName=8378f332-8d5b-48c3-8ddb-2f254e1b8935.vpn.azure.com/organizationName=Microsoft Corporation/stateOrProvinceName=Washington/countryName=US\nSubject Alternative Name: DNS:8378f332-8d5b-48c3-8ddb-2f254e1b8935.vpn.azure.com, DNS:azuregateway-8378f332-8d5b-48c3-8ddb-2f254e1b8935-0c54ccfbf57e.vpn.azure.com\nNot valid before: 2025-05-02T00:00:00\nNot valid after: 2026-04-14T23:59:59""}"
"2025-09-08 07:58:47 UTC","10.74.240.44","https","443","tcp","nmap.nse.http-title.tcp.443","{""output""=>""Service Unavailable""}"
"2025-09-08 07:58:47 UTC","10.74.240.44","https","443","tcp","nmap.nse.ssl-date.tcp.443","{""output""=>""TLS randomness does not represent time""}"
"2025-09-08 07:58:47 UTC","10.74.240.44","https","443","tcp","nmap.nse.http-server-header.tcp.443","{""output""=>""Microsoft-HTTPAPI/2.0""}"
"2025-09-08 07:58:47 UTC","10.74.240.44","https","443","tcp","nmap.nse.sstp-discover.tcp.443","{""output""=>""SSTP is supported.""}"
"2025-09-08 07:58:47 UTC","10.74.240.44","https-alt","8443","tcp","nmap.nse.ssl-cert.tcp.8443","{""output""=>""Subject: commonName=8378f332-8d5b-48c3-8ddb-2f254e1b8935.gwt.cloudapp.net\nSubject Alternative Name: DNS:azuregateway-8378f332-8d5b-48c3-8ddb-2f254e1b8935-0c54ccfbf57e.gwt.cloudapp.net\nNot valid before: 2025-05-17T06:49:54\nNot valid after: 2026-05-12T06:49:54""}"
"2025-09-08 07:58:47 UTC","10.74.240.44","https-alt","8443","tcp","nmap.nse.http-server-header.tcp.8443","{""output""=>""Microsoft-HTTPAPI/2.0""}"
"2025-09-08 07:58:47 UTC","10.74.240.44","https-alt","8443","tcp","nmap.nse.ssl-date.tcp.8443","{""output""=>""TLS randomness does not represent time""}"
"2025-09-08 07:58:47 UTC","10.74.240.44","https-alt","8443","tcp","nmap.nse.http-title.tcp.8443","{""output""=>""Service""}"
"2025-09-08 07:58:48 UTC","10.214.27.37","https","443","tcp","nmap.nse.http-title.tcp.443","{""output""=>""Masterlinx""}"
"2025-09-08 07:58:48 UTC","10.47.159.57","http","80","tcp","nmap.nse.http-title.tcp.80","{""output""=>""Not Found""}"
"2025-09-08 07:58:48 UTC","10.47.159.57","http","80","tcp","nmap.nse.http-server-header.tcp.80","{""output""=>""Microsoft-HTTPAPI/2.0""}"
"2025-09-08 07:58:48 UTC","10.214.27.37","http","80","tcp","nmap.nse.http-server-header.tcp.80","{""output""=>""Microsoft-IIS/10.0""}"
"2025-09-08 07:58:48 UTC","10.214.27.37","http","80","tcp","nmap.nse.http-title.tcp.80","{""output""=>""Did not follow redirect to https://www.org-domain4.com/""}"
"2025-09-08 07:58:48 UTC","10.214.27.37","https","443","tcp","nmap.nse.ssl-cert.tcp.443","{""output""=>""Subject: commonName=www.org-domain4.com\nSubject Alternative Name: DNS:masterlinkasp.net, DNS:www.org-domain4.com, DNS:org-domain4.com, DNS:ftp.org-domain4.com\nNot valid before: 2024-12-09T07:38:02\nNot valid after: 2026-01-10T07:38:02""}"
"2025-09-08 07:58:48 UTC","10.214.27.37","https","443","tcp","nmap.nse.http-server-header.tcp.443","{""output""=>""Microsoft-IIS/10.0""}"
"2025-09-08 07:58:48 UTC","10.214.27.37","https","443","tcp","nmap.nse.http-methods.tcp.443","{""output""=>""\n Potentially risky methods: TRACE""}"
"2025-09-08 07:58:48 UTC","10.214.27.37","https","443","tcp","nmap.nse.tls-alpn.tcp.443","{""output""=>""\n http/1.1""}"
"2025-09-08 07:58:48 UTC","10.214.27.37","https","443","tcp","nmap.nse.ssl-date.tcp.443","{""output""=>""2025-09-08T07:58:36+00:00; 0s from scanner time.""}"
"2025-09-08 07:58:48 UTC","10.84.194.43","http","80","tcp","nmap.nse.http-title.tcp.80","{""output""=>""Did not follow redirect to https://www.org-domain4.com/""}"
"2025-09-08 07:58:48 UTC","10.84.194.43","http","80","tcp","nmap.nse.http-server-header.tcp.80","{""output""=>""Microsoft-IIS/10.0""}"
"2025-09-08 07:58:48 UTC","10.84.194.43","https","443","tcp","nmap.nse.http-server-header.tcp.443","{""output""=>""Microsoft-IIS/10.0""}"
"2025-09-08 07:58:48 UTC","10.84.194.43","https","443","tcp","nmap.nse.ssl-date.tcp.443","{""output""=>""2025-09-08T07:58:32+00:00; 0s from scanner time.""}"
"2025-09-08 07:58:48 UTC","10.84.194.43","https","443","tcp","nmap.nse.ssl-cert.tcp.443","{""output""=>""Subject: commonName=www.org-domain4.com\nSubject Alternative Name: DNS:masterlinkasp.net, DNS:www.org-domain4.com, DNS:org-domain4.com, DNS:ftp.org-domain4.com\nNot valid before: 2024-12-09T07:38:02\nNot valid after: 2026-01-10T07:38:02""}"
"2025-09-08 07:58:48 UTC","10.84.194.43","https","443","tcp","nmap.nse.http-methods.tcp.443","{""output""=>""\n Potentially risky methods: TRACE""}"
"2025-09-08 07:58:48 UTC","10.84.194.43","https","443","tcp","nmap.nse.tls-alpn.tcp.443","{""output""=>""\n http/1.1""}"
"2025-09-08 07:58:48 UTC","10.4.64.221","https-alt","8443","tcp","nmap.nse.http-server-header.tcp.8443","{""output""=>""Microsoft-HTTPAPI/2.0""}"
"2025-09-08 07:58:48 UTC","10.4.64.221","https-alt","8443","tcp","nmap.nse.http-title.tcp.8443","{""output""=>""Service""}"
"2025-09-08 07:58:48 UTC","10.4.64.221","https-alt","8443","tcp","nmap.nse.ssl-cert.tcp.8443","{""output""=>""Subject: commonName=69570069-a41e-4de5-87c3-a7c157f22695.gwt.cloudapp.net\nSubject Alternative Name: DNS:azuregateway-69570069-a41e-4de5-87c3-a7c157f22695-78247ffd3014.gwt.cloudapp.net\nNot valid before: 2025-06-27T02:03:27\nNot valid after: 2025-12-24T02:03:27""}"
"2025-09-08 07:58:48 UTC","10.4.64.221","https-alt","8443","tcp","nmap.nse.ssl-date.tcp.8443","{""output""=>""TLS randomness does not represent time""}"
"2025-09-08 07:58:48 UTC","10.84.185.246","https","443","tcp","nmap.nse.sstp-discover.tcp.443","{""output""=>""SSTP is supported.""}"
"2025-09-08 07:58:48 UTC","10.84.185.246","https","443","tcp","nmap.nse.http-server-header.tcp.443","{""output""=>""Microsoft-HTTPAPI/2.0""}"
"2025-09-08 07:58:48 UTC","10.84.185.246","https","443","tcp","nmap.nse.ssl-date.tcp.443","{""output""=>""TLS randomness does not represent time""}"
"2025-09-08 07:58:48 UTC","10.84.185.246","https","443","tcp","nmap.nse.http-title.tcp.443","{""output""=>""Not Found""}"
"2025-09-08 07:58:48 UTC","10.84.185.246","https","443","tcp","nmap.nse.ssl-cert.tcp.443","{""output""=>""Subject: commonName=cff3c408-0eac-4938-9900-9e42934618d0.vpn.azure.com/organizationName=Microsoft Corporation/stateOrProvinceName=Washington/countryName=US\nSubject Alternative Name: DNS:cff3c408-0eac-4938-9900-9e42934618d0.vpn.azure.com, DNS:azuregateway-cff3c408-0eac-4938-9900-9e42934618d0-fdfbc079889b.vpn.azure.com\nNot valid before: 2025-02-14T00:00:00\nNot valid after: 2026-02-14T23:59:59""}"
"2025-09-08 08:45:18 UTC","10.252.176.154","https","443","tcp","nmap.nse.http-methods.tcp.443","{""output""=>""\n Supported Methods: GET HEAD TRACE OPTIONS\n Potentially risky methods: TRACE""}"
"2025-09-08 08:45:18 UTC","10.252.176.154","https","443","tcp","nmap.nse.http-headers.tcp.443","{""output""=>""\n Cache-Control: no-cache\n Pragma: no-cache\n X-Content-Type-Options: nosniff\n X-XSS-Protection: 1; mode=block\n Strict-Transport-Security: max-age=31536000;includeSubDomains; preload\n Set-Cookie: JSESSIONID=5D549DADDE4E03E66DB245AABE4A052B; Path=/; Secure; HttpOnly\n Cache-Control: no-cache\n Pragma: no-cache\n Last-Modified: Tue, 05 Aug 2025 01:50:21 GMT\n Content-Type: text/html\n Transfer-Encoding: chunked\n Date: Mon, 08 Sep 2025 08:14:55 GMT\n Connection: close\n \n (Request type: HEAD)\n""}"
"2025-09-08 08:45:18 UTC","10.237.31.167","http","80","tcp","nmap.nse.http-methods.tcp.80","{""output""=>""\n Supported Methods: GET POST""}"
"2025-09-08 08:45:18 UTC","10.237.31.167","http","80","tcp","nmap.nse.http-headers.tcp.80","{""output""=>""\n Content-Type: text/html; charset=UTF-8\n Location: https://10.237.31.167/\n X-Frame-Options: SAMEORIGIN\n Date: Mon, 08 Sep 2025 08:14:55 GMT\n Connection: close\n Content-Length: 145\n \n (Request type: GET)\n""}"
"2025-09-08 08:45:18 UTC","10.237.31.167","https","443","tcp","nmap.nse.http-headers.tcp.443","{""output""=>""\n Content-Type: text/html; charset=us-ascii\n Date: Mon, 08 Sep 2025 08:10:03 GMT\n Connection: close\n Content-Length: 315\n \n (Request type: GET)\n""}"
"2025-09-08 08:45:18 UTC","10.172.123.70","https-alt","8443","tcp","nmap.nse.http-methods.tcp.8443","{""output""=>""\n Supported Methods: GET""}"
"2025-09-08 08:45:18 UTC","10.172.123.70","https-alt","8443","tcp","nmap.nse.http-headers.tcp.8443","{""output""=>""\n Content-Length: 6437\n Content-Type: text/html; charset=UTF-8\n Server: Microsoft-HTTPAPI/2.0\n Date: Mon, 08 Sep 2025 08:09:50 GMT\n Connection: close\n \n (Request type: GET)\n""}"
"2025-09-08 08:45:18 UTC","10.80.70.36","http","80","tcp","nmap.nse.http-methods.tcp.80","{""output""=>""\n Supported Methods: OPTIONS TRACE GET HEAD POST\n Potentially risky methods: TRACE""}"
"2025-09-08 08:45:18 UTC","10.80.70.36","http","80","tcp","nmap.nse.http-headers.tcp.80","{""output""=>""\n Content-Length: 31\n Content-Type: text/html\n Last-Modified: Wed, 09 Jan 2019 13:18:27 GMT\n Accept-Ranges: bytes\n ETag: \""83cc1ce1da8d41:0\""\n Server: Microsoft-IIS/10.0\n X-Powered-By: ASP.NET\n Date: Mon, 08 Sep 2025 08:13:58 GMT\n Connection: close\n \n (Request type: HEAD)\n""}"
"2025-09-08 08:45:18 UTC","10.80.70.36","https","443","tcp","nmap.nse.http-methods.tcp.443","{""output""=>""\n Supported Methods: OPTIONS TRACE GET HEAD POST\n Potentially risky methods: TRACE""}"
"2025-09-08 08:45:18 UTC","10.80.70.36","https","443","tcp","nmap.nse.http-headers.tcp.443","{""output""=>""\n Content-Length: 31\n Content-Type: text/html\n Last-Modified: Wed, 09 Jan 2019 13:18:27 GMT\n Accept-Ranges: bytes\n ETag: \""83cc1ce1da8d41:0\""\n Server: Microsoft-IIS/10.0\n X-Powered-By: ASP.NET\n Date: Mon, 08 Sep 2025 08:10:35 GMT\n Connection: close\n \n (Request type: HEAD)\n""}"
"2025-09-08 08:45:18 UTC","10.67.108.106","http","80","tcp","nmap.nse.http-methods.tcp.80","{""output""=>""\n Supported Methods: OPTIONS TRACE GET HEAD POST\n Potentially risky methods: TRACE""}"
"2025-09-08 08:45:18 UTC","10.67.108.106","http","80","tcp","nmap.nse.http-headers.tcp.80","{""output""=>""\n Content-Length: 31\n Content-Type: text/html\n Last-Modified: Wed, 09 Jan 2019 13:18:27 GMT\n Accept-Ranges: bytes\n ETag: \""83cc1ce1da8d41:0\""\n Server: Microsoft-IIS/10.0\n X-Powered-By: ASP.NET\n Date: Mon, 08 Sep 2025 08:13:37 GMT\n Connection: close\n \n (Request type: HEAD)\n""}"
"2025-09-08 08:45:18 UTC","10.67.108.106","https","443","tcp","nmap.nse.http-headers.tcp.443","{""output""=>""\n Content-Length: 31\n Content-Type: text/html\n Last-Modified: Wed, 09 Jan 2019 13:18:27 GMT\n Accept-Ranges: bytes\n ETag: \""83cc1ce1da8d41:0\""\n Server: Microsoft-IIS/10.0\n X-Powered-By: ASP.NET\n Date: Mon, 08 Sep 2025 08:09:51 GMT\n Connection: close\n \n (Request type: HEAD)\n""}"
"2025-09-08 08:45:18 UTC","10.67.108.106","https","443","tcp","nmap.nse.http-methods.tcp.443","{""output""=>""\n Supported Methods: OPTIONS TRACE GET HEAD POST\n Potentially risky methods: TRACE""}"
"2025-09-08 08:45:18 UTC","10.69.72.240","http","80","tcp","nmap.nse.http-methods.tcp.80","{""output""=>""\n Supported Methods: OPTIONS TRACE GET HEAD POST\n Potentially risky methods: TRACE""}"
"2025-09-08 08:45:18 UTC","10.69.72.240","http","80","tcp","nmap.nse.http-headers.tcp.80","{""output""=>""\n Content-Length: 31\n Content-Type: text/html\n Last-Modified: Wed, 09 Jan 2019 13:18:27 GMT\n Accept-Ranges: bytes\n ETag: \""83cc1ce1da8d41:0\""\n Server: Microsoft-IIS/10.0\n X-Powered-By: ASP.NET\n Date: Mon, 08 Sep 2025 08:10:01 GMT\n Connection: close\n \n (Request type: HEAD)\n""}"
"2025-09-08 08:45:18 UTC","10.69.72.240","https","443","tcp","nmap.nse.http-methods.tcp.443","{""output""=>""\n Supported Methods: OPTIONS TRACE GET HEAD POST\n Potentially risky methods: TRACE""}"
"2025-09-08 08:45:18 UTC","10.69.72.240","https","443","tcp","nmap.nse.http-headers.tcp.443","{""output""=>""\n Content-Length: 31\n Content-Type: text/html\n Last-Modified: Wed, 09 Jan 2019 13:18:27 GMT\n Accept-Ranges: bytes\n ETag: \""83cc1ce1da8d41:0\""\n Server: Microsoft-IIS/10.0\n X-Powered-By: ASP.NET\n Date: Mon, 08 Sep 2025 08:16:09 GMT\n Connection: close\n \n (Request type: HEAD)\n""}"
"2025-09-08 08:45:18 UTC","10.67.110.154","http","80","tcp","nmap.nse.http-methods.tcp.80","{""output""=>""\n Supported Methods: GET HEAD POST OPTIONS""}"
"2025-09-08 08:45:18 UTC","10.67.110.154","http","80","tcp","nmap.nse.http-headers.tcp.80","{""output""=>""\n Server: Microsoft-Azure-Application-Gateway/v2\n Date: Mon, 08 Sep 2025 08:16:10 GMT\n Content-Type: text/html\n Content-Length: 195\n Connection: close\n Location: https://10.67.110.154/\n \n (Request type: GET)\n""}"
"2025-09-08 08:45:18 UTC","10.67.110.154","https","443","tcp","nmap.nse.http-headers.tcp.443","{""output""=>""\n Server: Microsoft-Azure-Application-Gateway/v2\n Date: Mon, 08 Sep 2025 08:10:38 GMT\n Content-Type: text/html\n Content-Length: 179\n Connection: close\n \n (Request type: GET)\n""}"
"2025-09-08 08:45:18 UTC","10.183.61.130","http","80","tcp","nmap.nse.http-headers.tcp.80","{""output""=>""\n Server: Microsoft-Azure-Application-Gateway/v2\n Date: Mon, 08 Sep 2025 08:10:08 GMT\n Content-Type: text/html\n Content-Length: 179\n Connection: close\n \n (Request type: GET)\n""}"
"2025-09-08 08:45:18 UTC","10.183.61.130","https","443","tcp","nmap.nse.http-headers.tcp.443","{""output""=>""\n Server: Microsoft-Azure-Application-Gateway/v2\n Date: Mon, 08 Sep 2025 08:14:52 GMT\n Content-Type: text/html\n Content-Length: 179\n Connection: close\n \n (Request type: GET)\n""}"
"2025-09-08 08:45:18 UTC","10.210.211.63","http","80","tcp","nmap.nse.http-enum.tcp.80","{""output""=>""\n /documents/: Potentially interesting folder\n /error/: Potentially interesting folder\n /images/: Potentially interesting folder\n /scripts/: Potentially interesting folder\n /styles/: Potentially interesting folder\n""}"
"2025-09-08 08:45:18 UTC","10.210.211.63","http","80","tcp","nmap.nse.http-methods.tcp.80","{""output""=>""\n Supported Methods: GET POST""}"
"2025-09-08 08:45:18 UTC","10.210.211.63","http","80","tcp","nmap.nse.http-headers.tcp.80","{""output""=>""\n Cache-Control: private, no-store\n Content-Type: text/html; charset=utf-8\n Set-Cookie: ASP.NET_SessionId=yj4dqmvf320riyyvkfk12s2r; path=/; HttpOnly; SameSite=Lax\n X-Frame-Options: SAMEORIGIN\n Date: Mon, 08 Sep 2025 08:16:11 GMT\n Connection: close\n Content-Length: 13158\n \n (Request type: GET)\n""}"
"2025-09-08 08:45:18 UTC","10.210.211.63","http","80","tcp","nmap.nse.http-auth-finder.tcp.80","{""output""=>""\nSpidering limited to: maxdepth=3; maxpagecount=20; withinhost=10.210.211.63\n url method\n http://10.210.211.63:80/ FORM\n http://10.210.211.63:80/Default.aspx FORM\n""}"
"2025-09-08 08:45:18 UTC","10.161.154.129","https","443","tcp","nmap.nse.http-headers.tcp.443","{""output""=>""\n Server: Microsoft-Azure-Application-Gateway/v2\n Date: Mon, 08 Sep 2025 08:14:58 GMT\n Content-Type: text/html\n Content-Length: 179\n Connection: close\n \n (Request type: GET)\n""}"
"2025-09-08 08:45:18 UTC","10.80.23.183","http","80","tcp","nmap.nse.http-headers.tcp.80","{""output""=>""\n Content-Length: 701\n Content-Type: text/html\n Last-Modified: Mon, 01 May 2017 15:43:16 GMT\n Accept-Ranges: bytes\n ETag: \""aef775a691c2d21:0\""\n Server: Microsoft-IIS/8.5\n X-Powered-By: ASP.NET\n Date: Mon, 08 Sep 2025 08:14:54 GMT\n Connection: close\n \n (Request type: HEAD)\n""}"
"2025-09-08 08:45:18 UTC","10.80.23.183","http","80","tcp","nmap.nse.http-methods.tcp.80","{""output""=>""\n Supported Methods: OPTIONS TRACE GET HEAD POST\n Potentially risky methods: TRACE""}"
"2025-09-08 08:45:18 UTC","10.80.10.152","http","80","tcp","nmap.nse.http-methods.tcp.80","{""output""=>""\n Supported Methods: GET POST""}"
"2025-09-08 08:45:18 UTC","10.80.10.152","http","80","tcp","nmap.nse.http-headers.tcp.80","{""output""=>""\n Cache-Control: private, no-store\n Content-Type: text/html; charset=utf-8\n Set-Cookie: ASP.NET_SessionId=loycbdlxefwlvxcclccr3nhu; path=/; HttpOnly\n X-Frame-Options: SAMEORIGIN\n Date: Mon, 08 Sep 2025 08:14:35 GMT\n Connection: close\n Content-Length: 11686\n \n (Request type: GET)\n""}"
"2025-09-08 08:45:18 UTC","10.80.10.152","http","80","tcp","nmap.nse.http-auth-finder.tcp.80","{""output""=>""\nSpidering limited to: maxdepth=3; maxpagecount=20; withinhost=10.80.10.152\n url method\n http://10.80.10.152:80/ FORM\n http://10.80.10.152:80/1 FORM\n http://10.80.10.152:80/Default.aspx FORM\n http://10.80.10.152:80/u;k=new FORM\n http://10.80.10.152:80/default.aspx?ReturnUrl=%2F1 FORM\n http://10.80.10.152:80/event.srcElement FORM\n http://10.80.10.152:80/default.aspx?ReturnUrl=%2Fu%3Bk%3Dnew FORM\n http://10.80.10.152:80/default.aspx?ReturnUrl=%2Fevent.srcElement FORM\n""}"
"2025-09-08 08:45:18 UTC","10.80.10.152","https","443","tcp","nmap.nse.http-headers.tcp.443","{""output""=>""\n Content-Type: text/html; charset=us-ascii\n Server: Microsoft-HTTPAPI/2.0\n Date: Mon, 08 Sep 2025 08:10:44 GMT\n Connection: close\n Content-Length: 315\n \n (Request type: GET)\n""}"
"2025-09-08 08:45:18 UTC","10.162.198.248","http","80","tcp","nmap.nse.http-headers.tcp.80","{""output""=>""\n Cache-Control: private, no-store\n Content-Type: text/html; charset=utf-8\n Set-Cookie: ASP.NET_SessionId=jq2cym0egbw2sc2idbo3r3kd; path=/; HttpOnly; SameSite=Lax\n X-Frame-Options: SAMEORIGIN\n Date: Mon, 08 Sep 2025 08:10:36 GMT\n Connection: close\n Content-Length: 13387\n \n (Request type: GET)\n""}"
"2025-09-08 08:45:18 UTC","10.162.198.248","http","80","tcp","nmap.nse.http-auth-finder.tcp.80","{""output""=>""\nSpidering limited to: maxdepth=3; maxpagecount=20; withinhost=10.162.198.248\n url method\n http://10.162.198.248:80/ FORM\n http://10.162.198.248:80/Default.aspx FORM\n""}"
"2025-09-08 08:45:18 UTC","10.162.198.248","http","80","tcp","nmap.nse.http-methods.tcp.80","{""output""=>""\n Supported Methods: GET POST""}"
"2025-09-08 08:45:18 UTC","10.97.119.225","http","80","tcp","nmap.nse.http-headers.tcp.80","{""output""=>""\n Cache-Control: private, no-store\n Content-Type: text/html; charset=utf-8\n Set-Cookie: ASP.NET_SessionId=pycd2n3g0qlqwdhexr0t05l2; path=/; HttpOnly; SameSite=Lax\n X-Frame-Options: SAMEORIGIN\n Date: Mon, 08 Sep 2025 08:10:10 GMT\n Connection: close\n Content-Length: 13158\n \n (Request type: GET)\n""}"
"2025-09-08 08:45:18 UTC","10.97.119.225","http","80","tcp","nmap.nse.http-methods.tcp.80","{""output""=>""\n Supported Methods: GET POST""}"
"2025-09-08 08:45:18 UTC","10.97.119.225","http","80","tcp","nmap.nse.http-auth-finder.tcp.80","{""output""=>""\nSpidering limited to: maxdepth=3; maxpagecount=20; withinhost=10.97.119.225\n url method\n http://10.97.119.225:80/ FORM\n http://10.97.119.225:80/Default.aspx FORM\n""}"
"2025-09-08 08:45:18 UTC","10.102.237.149","http","80","tcp","nmap.nse.http-methods.tcp.80","{""output""=>""\n Supported Methods: GET POST""}"
"2025-09-08 08:45:18 UTC","10.102.237.149","http","80","tcp","nmap.nse.http-headers.tcp.80","{""output""=>""\n Cache-Control: private, no-store\n Content-Type: text/html; charset=utf-8\n Set-Cookie: ASP.NET_SessionId=rpiddmuzcj0ulbpjnaevlmbh; path=/; HttpOnly; SameSite=Lax\n X-Frame-Options: SAMEORIGIN\n Date: Mon, 08 Sep 2025 08:15:58 GMT\n Connection: close\n Content-Length: 13387\n \n (Request type: GET)\n""}"
"2025-09-08 08:45:18 UTC","10.102.237.149","http","80","tcp","nmap.nse.http-auth-finder.tcp.80","{""output""=>""\nSpidering limited to: maxdepth=3; maxpagecount=20; withinhost=10.102.237.149\n url method\n http://10.102.237.149:80/ FORM\n http://10.102.237.149:80/Default.aspx FORM\n""}"
"2025-09-08 08:45:18 UTC","10.16.249.246","http","80","tcp","nmap.nse.http-headers.tcp.80","{""output""=>""\n Server: Microsoft-Azure-Application-Gateway/v2\n Date: Mon, 08 Sep 2025 08:11:03 GMT\n Content-Type: text/html\n Content-Length: 179\n Connection: close\n \n (Request type: GET)\n""}"
"2025-09-08 08:45:18 UTC","10.16.249.246","https","443","tcp","nmap.nse.http-title.tcp.443","{""output""=>""400 The plain HTTP request was sent to HTTPS port""}"
"2025-09-08 08:45:18 UTC","10.16.249.246","https","443","tcp","nmap.nse.http-headers.tcp.443","{""output""=>""\n Server: Microsoft-Azure-Application-Gateway/v2\n Date: Mon, 08 Sep 2025 08:16:30 GMT\n Content-Type: text/html\n Content-Length: 179\n Connection: close\n \n (Request type: GET)\n""}"
"2025-09-08 08:45:18 UTC","10.161.154.129","http","80","tcp","nmap.nse.http-headers.tcp.80","{""output""=>""\n Server: Microsoft-Azure-Application-Gateway/v2\n Date: Mon, 08 Sep 2025 08:13:57 GMT\n Content-Type: text/html\n Content-Length: 179\n Connection: close\n \n (Request type: GET)\n""}"
"2025-09-08 08:45:18 UTC","10.161.154.129","https","443","tcp","nmap.nse.http-methods.tcp.443","{""output""=>""\n Supported Methods: GET HEAD POST OPTIONS""}"
"2025-09-08 08:45:18 UTC","10.161.154.129","https","443","tcp","nmap.nse.http-title.tcp.443","{""output""=>""404 Not Found""}"
"2025-09-08 08:45:18 UTC","10.80.4.237","http","80","tcp","nmap.nse.http-headers.tcp.80","{""output""=>""\n Content-Length: 703\n Content-Type: text/html\n Last-Modified: Thu, 13 Apr 2023 09:37:57 GMT\n Accept-Ranges: bytes\n ETag: \""d4a130a1eb6dd91:0\""\n Server: Microsoft-IIS/10.0\n Date: Mon, 08 Sep 2025 08:10:39 GMT\n Connection: close\n \n (Request type: HEAD)\n""}"
"2025-09-08 08:45:18 UTC","10.80.4.237","http","80","tcp","nmap.nse.http-methods.tcp.80","{""output""=>""\n Supported Methods: OPTIONS TRACE GET HEAD POST\n Potentially risky methods: TRACE""}"
"2025-09-08 08:45:18 UTC","10.80.4.237","http","80","tcp","nmap.nse.http-enum.tcp.80","{""output""=>""\n /reportserver/: Microsoft SQL Report Service (401 Unauthorized)\n /reports/: Potentially interesting folder (401 Unauthorized)\n""}"
"2025-09-08 08:45:18 UTC","10.91.218.78","https-alt","8443","tcp","nmap.nse.http-methods.tcp.8443","{""output""=>""\n Supported Methods: GET""}"
"2025-09-08 08:45:18 UTC","10.91.218.78","https-alt","8443","tcp","nmap.nse.http-headers.tcp.8443","{""output""=>""\n Content-Length: 6437\n Content-Type: text/html; charset=UTF-8\n Server: Microsoft-HTTPAPI/2.0\n Date: Mon, 08 Sep 2025 08:09:51 GMT\n Connection: close\n \n (Request type: GET)\n""}"
"2025-09-08 08:45:18 UTC","10.74.240.44","https","443","tcp","nmap.nse.http-headers.tcp.443","{""output""=>""\n Content-Type: text/html; charset=us-ascii\n Server: Microsoft-HTTPAPI/2.0\n Date: Mon, 08 Sep 2025 08:15:00 GMT\n Connection: close\n Content-Length: 326\n \n (Request type: GET)\n""}"
"2025-09-08 08:45:18 UTC","10.74.240.44","https-alt","8443","tcp","nmap.nse.http-methods.tcp.8443","{""output""=>""\n Supported Methods: GET""}"
"2025-09-08 08:45:18 UTC","10.74.240.44","https-alt","8443","tcp","nmap.nse.http-headers.tcp.8443","{""output""=>""\n Content-Length: 6437\n Content-Type: text/html; charset=UTF-8\n Server: Microsoft-HTTPAPI/2.0\n Date: Mon, 08 Sep 2025 08:13:49 GMT\n Connection: close\n \n (Request type: GET)\n""}"
"2025-09-08 08:45:19 UTC","10.47.159.57","http","80","tcp","nmap.nse.http-headers.tcp.80","{""output""=>""\n Content-Type: text/html; charset=us-ascii\n Server: Microsoft-HTTPAPI/2.0\n Date: Mon, 08 Sep 2025 08:15:57 GMT\n Connection: close\n Content-Length: 315\n \n (Request type: GET)\n""}"
"2025-09-08 08:45:19 UTC","10.214.27.37","http","80","tcp","nmap.nse.http-headers.tcp.80","{""output""=>""\n Content-Type: text/html; charset=UTF-8\n Location: https://www.org-domain4.com/\n Server: Microsoft-IIS/10.0\n X-Powered-By: ASP.NET\n Date: Mon, 08 Sep 2025 08:13:43 GMT\n Connection: close\n Content-Length: 150\n \n (Request type: GET)\n""}"
"2025-09-08 08:45:19 UTC","10.214.27.37","http","80","tcp","nmap.nse.http-methods.tcp.80","{""output""=>""\n Supported Methods: GET HEAD POST OPTIONS""}"
"2025-09-08 08:45:19 UTC","10.214.27.37","https","443","tcp","nmap.nse.http-methods.tcp.443","{""output""=>""\n Supported Methods: OPTIONS TRACE GET HEAD POST\n Potentially risky methods: TRACE""}"
"2025-09-08 08:45:19 UTC","10.214.27.37","https","443","tcp","nmap.nse.http-headers.tcp.443","{""output""=>""\n Cache-Control: private\n Content-Length: 12266\n Content-Type: text/html; charset=utf-8\n Server: Microsoft-IIS/10.0\n Set-Cookie: ASP.NET_SessionId=5xnnuu55weobxe55y54cfwae; path=/; HttpOnly\n X-Powered-By: ASP.NET\n Date: Mon, 08 Sep 2025 08:16:31 GMT\n Connection: close\n \n (Request type: HEAD)\n""}"
"2025-09-08 08:45:19 UTC","10.84.194.43","http","80","tcp","nmap.nse.http-methods.tcp.80","{""output""=>""\n Supported Methods: GET HEAD POST OPTIONS""}"
"2025-09-08 08:45:19 UTC","10.84.194.43","http","80","tcp","nmap.nse.http-headers.tcp.80","{""output""=>""\n Content-Type: text/html; charset=UTF-8\n Location: https://www.org-domain4.com/\n Server: Microsoft-IIS/10.0\n X-Powered-By: ASP.NET\n Date: Mon, 08 Sep 2025 08:10:20 GMT\n Connection: close\n Content-Length: 150\n \n (Request type: GET)\n""}"
"2025-09-08 08:45:19 UTC","10.84.194.43","https","443","tcp","nmap.nse.http-headers.tcp.443","{""output""=>""\n Cache-Control: private\n Content-Length: 12266\n Content-Type: text/html; charset=utf-8\n Server: Microsoft-IIS/10.0\n Set-Cookie: ASP.NET_SessionId=culh42b0xmqxea45iihqhd55; path=/; HttpOnly\n X-Powered-By: ASP.NET\n Date: Mon, 08 Sep 2025 08:14:44 GMT\n Connection: close\n \n (Request type: HEAD)\n""}"
"2025-09-08 08:45:19 UTC","10.84.194.43","https","443","tcp","nmap.nse.http-methods.tcp.443","{""output""=>""\n Supported Methods: OPTIONS TRACE GET HEAD POST\n Potentially risky methods: TRACE""}"
"2025-09-08 08:45:19 UTC","10.84.194.43","https","443","tcp","nmap.nse.http-auth-finder.tcp.443","{""output""=>""\nSpidering limited to: maxdepth=3; maxpagecount=20; withinhost=10.84.194.43\n url method\n https://10.84.194.43:443/ FORM\n https://10.84.194.43:443/default.aspx FORM\n""}"
"2025-09-08 08:45:19 UTC","10.4.64.221","https-alt","8443","tcp","nmap.nse.http-headers.tcp.8443","{""output""=>""\n Content-Length: 6437\n Content-Type: text/html; charset=UTF-8\n Server: Microsoft-HTTPAPI/2.0\n Date: Mon, 08 Sep 2025 08:13:56 GMT\n Connection: close\n \n (Request type: GET)\n""}"
"2025-09-08 08:45:19 UTC","10.84.185.246","https","443","tcp","nmap.nse.http-headers.tcp.443","{""output""=>""\n Content-Type: text/html; charset=us-ascii\n Server: Microsoft-HTTPAPI/2.0\n Date: Mon, 08 Sep 2025 08:10:38 GMT\n Connection: close\n Content-Length: 315\n \n (Request type: GET)\n""}"
"2025-09-08 10:30:07 UTC","10.69.72.240","http","80","tcp","nmap.nse.http-csrf.tcp.80","{""output""=>""Couldn't find any CSRF vulnerabilities.""}"
"2025-09-08 10:30:07 UTC","10.69.72.240","http","80","tcp","nmap.nse.http-dombased-xss.tcp.80","{""output""=>""Couldn't find any DOM based XSS.""}"
"2025-09-08 10:30:07 UTC","10.69.72.240","http","80","tcp","nmap.nse.http-stored-xss.tcp.80","{""output""=>""Couldn't find any stored XSS vulnerabilities.""}"
"2025-09-08 10:30:21 UTC","10.69.72.240","https","443","tcp","nmap.nse.ssl-enum-ciphers.tcp.443","{""output""=>""\n TLSv1.2: \n ciphers: \n TLS_ECDHE_RSA_WITH_AES_256_GCM_SHA384 (ecdh_x25519) - A\n TLS_ECDHE_RSA_WITH_AES_128_GCM_SHA256 (ecdh_x25519) - A\n compressors: \n NULL\n cipher preference: server\n least strength: A""}"
"2025-09-08 11:03:29 UTC","10.69.72.240","https","443","tcp","nmap.nse.http-dombased-xss.tcp.443","{""output""=>""Couldn't find any DOM based XSS.""}"
"2025-09-08 11:03:29 UTC","10.69.72.240","https","443","tcp","nmap.nse.http-stored-xss.tcp.443","{""output""=>""Couldn't find any stored XSS vulnerabilities.""}"
"2025-09-08 11:03:29 UTC","10.69.72.240","https","443","tcp","nmap.nse.http-csrf.tcp.443","{""output""=>""Couldn't find any CSRF vulnerabilities.""}"
"2025-09-08 11:13:13 UTC","10.80.70.36","http","80","tcp","nmap.nse.http-dombased-xss.tcp.80","{""output""=>""Couldn't find any DOM based XSS.""}"
"2025-09-08 11:13:13 UTC","10.80.70.36","http","80","tcp","nmap.nse.http-csrf.tcp.80","{""output""=>""Couldn't find any CSRF vulnerabilities.""}"
"2025-09-08 11:13:13 UTC","10.80.70.36","http","80","tcp","nmap.nse.http-stored-xss.tcp.80","{""output""=>""Couldn't find any stored XSS vulnerabilities.""}"
"2025-09-08 11:13:27 UTC","10.80.70.36","https","443","tcp","nmap.nse.ssl-enum-ciphers.tcp.443","{""output""=>""\n TLSv1.2: \n ciphers: \n TLS_ECDHE_RSA_WITH_AES_256_GCM_SHA384 (ecdh_x25519) - A\n TLS_ECDHE_RSA_WITH_AES_128_GCM_SHA256 (ecdh_x25519) - A\n compressors: \n NULL\n cipher preference: server\n least strength: A""}"
"2025-09-08 11:15:52 UTC","10.80.70.36","https","443","tcp","nmap.nse.http-dombased-xss.tcp.443","{""output""=>""Couldn't find any DOM based XSS.""}"
"2025-09-08 11:15:52 UTC","10.80.70.36","https","443","tcp","nmap.nse.http-csrf.tcp.443","{""output""=>""Couldn't find any CSRF vulnerabilities.""}"
"2025-09-08 11:15:52 UTC","10.80.70.36","https","443","tcp","nmap.nse.http-stored-xss.tcp.443","{""output""=>""Couldn't find any stored XSS vulnerabilities.""}"
"2025-09-08 11:16:07 UTC","10.84.185.246","https","443","tcp","nmap.nse.ssl-enum-ciphers.tcp.443","{""output""=>""\n TLSv1.2: \n ciphers: \n TLS_ECDHE_RSA_WITH_AES_256_GCM_SHA384 (secp384r1) - A\n TLS_ECDHE_RSA_WITH_AES_128_GCM_SHA256 (secp256r1) - A\n TLS_ECDHE_RSA_WITH_AES_256_CBC_SHA384 (secp384r1) - A\n TLS_ECDHE_RSA_WITH_AES_128_CBC_SHA256 (secp256r1) - A\n compressors: \n NULL\n cipher preference: server\n TLSv1.3: \n ciphers: \n TLS_AKE_WITH_AES_256_GCM_SHA384 (secp384r1) - A\n TLS_AKE_WITH_AES_128_GCM_SHA256 (secp256r1) - A\n cipher preference: server\n least strength: A""}"
"2025-09-08 11:50:05 UTC","10.84.185.246","https","443","tcp","nmap.nse.http-csrf.tcp.443","{""output""=>""Couldn't find any CSRF vulnerabilities.""}"
"2025-09-08 11:50:05 UTC","10.84.185.246","https","443","tcp","nmap.nse.http-dombased-xss.tcp.443","{""output""=>""Couldn't find any DOM based XSS.""}"
"2025-09-08 11:50:05 UTC","10.84.185.246","https","443","tcp","nmap.nse.http-stored-xss.tcp.443","{""output""=>""Couldn't find any stored XSS vulnerabilities.""}"
"2025-09-08 11:58:34 UTC","10.16.249.246","http","80","tcp","nmap.nse.http-stored-xss.tcp.80","{""output""=>""Couldn't find any stored XSS vulnerabilities.""}"
"2025-09-08 11:58:34 UTC","10.16.249.246","http","80","tcp","nmap.nse.http-dombased-xss.tcp.80","{""output""=>""Couldn't find any DOM based XSS.""}"
"2025-09-08 11:58:34 UTC","10.16.249.246","http","80","tcp","nmap.nse.http-csrf.tcp.80","{""output""=>""Couldn't find any CSRF vulnerabilities.""}"
"2025-09-08 11:59:04 UTC","10.16.249.246","https","443","tcp","nmap.nse.ssl-enum-ciphers.tcp.443","{""output""=>""\n TLSv1.0: \n ciphers: \n TLS_ECDHE_RSA_WITH_AES_256_CBC_SHA (secp256r1) - A\n TLS_ECDHE_RSA_WITH_AES_128_CBC_SHA (secp256r1) - A\n TLS_DHE_RSA_WITH_AES_256_CBC_SHA (dh 2048) - A\n TLS_DHE_RSA_WITH_AES_128_CBC_SHA (dh 2048) - A\n TLS_RSA_WITH_AES_256_CBC_SHA (rsa 2048) - A\n TLS_RSA_WITH_AES_128_CBC_SHA (rsa 2048) - A\n TLS_RSA_WITH_3DES_EDE_CBC_SHA (rsa 2048) - C\n compressors: \n NULL\n cipher preference: server\n warnings: \n 64-bit block cipher 3DES vulnerable to SWEET32 attack\n TLSv1.1: \n ciphers: \n TLS_ECDHE_RSA_WITH_AES_256_CBC_SHA (secp256r1) - A\n TLS_ECDHE_RSA_WITH_AES_128_CBC_SHA (secp256r1) - A\n TLS_DHE_RSA_WITH_AES_256_CBC_SHA (dh 2048) - A\n TLS_DHE_RSA_WITH_AES_128_CBC_SHA (dh 2048) - A\n TLS_RSA_WITH_AES_256_CBC_SHA (rsa 2048) - A\n TLS_RSA_WITH_AES_128_CBC_SHA (rsa 2048) - A\n TLS_RSA_WITH_3DES_EDE_CBC_SHA (rsa 2048) - C\n compressors: \n NULL\n cipher preference: server\n warnings: \n 64-bit block cipher 3DES vulnerable to SWEET32 attack\n TLSv1.2: \n ciphers: \n TLS_ECDHE_RSA_WITH_AES_256_GCM_SHA384 (secp256r1) - A\n TLS_ECDHE_RSA_WITH_AES_128_GCM_SHA256 (secp256r1) - A\n TLS_ECDHE_RSA_WITH_AES_256_CBC_SHA384 (secp256r1) - A\n TLS_ECDHE_RSA_WITH_AES_128_CBC_SHA256 (secp256r1) - A\n TLS_ECDHE_RSA_WITH_AES_256_CBC_SHA (secp256r1) - A\n TLS_ECDHE_RSA_WITH_AES_128_CBC_SHA (secp256r1) - A\n TLS_DHE_RSA_WITH_AES_256_GCM_SHA384 (dh 2048) - A\n TLS_DHE_RSA_WITH_AES_128_GCM_SHA256 (dh 2048) - A\n TLS_DHE_RSA_WITH_AES_256_CBC_SHA (dh 2048) - A\n TLS_DHE_RSA_WITH_AES_128_CBC_SHA (dh 2048) - A\n TLS_RSA_WITH_AES_256_GCM_SHA384 (rsa 2048) - A\n TLS_RSA_WITH_AES_128_GCM_SHA256 (rsa 2048) - A\n TLS_RSA_WITH_AES_256_CBC_SHA256 (rsa 2048) - A\n TLS_RSA_WITH_AES_128_CBC_SHA256 (rsa 2048) - A\n TLS_RSA_WITH_AES_256_CBC_SHA (rsa 2048) - A\n TLS_RSA_WITH_AES_128_CBC_SHA (rsa 2048) - A\n TLS_RSA_WITH_3DES_EDE_CBC_SHA (rsa 2048) - C\n compressors: \n NULL\n cipher preference: server\n warnings: \n 64-bit block cipher 3DES vulnerable to SWEET32 attack\n least strength: C""}"
"2025-09-08 12:00:23 UTC","10.16.249.246","https","443","tcp","nmap.nse.http-dombased-xss.tcp.443","{""output""=>""Couldn't find any DOM based XSS.""}"
"2025-09-08 12:00:23 UTC","10.16.249.246","https","443","tcp","nmap.nse.http-csrf.tcp.443","{""output""=>""Couldn't find any CSRF vulnerabilities.""}"
"2025-09-08 12:00:23 UTC","10.16.249.246","https","443","tcp","nmap.nse.http-stored-xss.tcp.443","{""output""=>""Couldn't find any stored XSS vulnerabilities.""}"
"2025-09-08 12:10:08 UTC","10.67.108.106","http","80","tcp","nmap.nse.http-csrf.tcp.80","{""output""=>""Couldn't find any CSRF vulnerabilities.""}"
"2025-09-08 12:10:08 UTC","10.67.108.106","http","80","tcp","nmap.nse.http-dombased-xss.tcp.80","{""output""=>""Couldn't find any DOM based XSS.""}"
"2025-09-08 12:10:08 UTC","10.67.108.106","http","80","tcp","nmap.nse.http-stored-xss.tcp.80","{""output""=>""Couldn't find any stored XSS vulnerabilities.""}"
"2025-09-08 12:10:22 UTC","10.67.108.106","https","443","tcp","nmap.nse.ssl-enum-ciphers.tcp.443","{""output""=>""\n TLSv1.2: \n ciphers: \n TLS_ECDHE_RSA_WITH_AES_256_GCM_SHA384 (ecdh_x25519) - A\n TLS_ECDHE_RSA_WITH_AES_128_GCM_SHA256 (ecdh_x25519) - A\n compressors: \n NULL\n cipher preference: server\n least strength: A""}"
"2025-09-08 12:12:52 UTC","10.67.108.106","https","443","tcp","nmap.nse.http-stored-xss.tcp.443","{""output""=>""Couldn't find any stored XSS vulnerabilities.""}"
"2025-09-08 12:12:52 UTC","10.67.108.106","https","443","tcp","nmap.nse.http-dombased-xss.tcp.443","{""output""=>""Couldn't find any DOM based XSS.""}"
"2025-09-08 12:12:52 UTC","10.67.108.106","https","443","tcp","nmap.nse.http-csrf.tcp.443","{""output""=>""Couldn't find any CSRF vulnerabilities.""}"
"2025-09-08 12:21:16 UTC","10.67.110.154","http","80","tcp","nmap.nse.http-csrf.tcp.80","{""output""=>""Couldn't find any CSRF vulnerabilities.""}"
"2025-09-08 12:21:16 UTC","10.67.110.154","http","80","tcp","nmap.nse.http-stored-xss.tcp.80","{""output""=>""Couldn't find any stored XSS vulnerabilities.""}"
"2025-09-08 12:21:16 UTC","10.67.110.154","http","80","tcp","nmap.nse.http-dombased-xss.tcp.80","{""output""=>""Couldn't find any DOM based XSS.""}"
"2025-09-08 12:21:31 UTC","10.67.110.154","https","443","tcp","nmap.nse.ssl-enum-ciphers.tcp.443","{""output""=>""\n TLSv1.2: \n ciphers: \n TLS_ECDHE_RSA_WITH_AES_128_GCM_SHA256 (secp256r1) - A\n TLS_DHE_RSA_WITH_AES_128_GCM_SHA256 (dh 2048) - A\n TLS_ECDHE_RSA_WITH_AES_256_GCM_SHA384 (secp256r1) - A\n compressors: \n NULL\n cipher preference: server\n least strength: A""}"
"2025-09-08 12:53:46 UTC","10.67.110.154","https","443","tcp","nmap.nse.http-csrf.tcp.443","{""output""=>""Couldn't find any CSRF vulnerabilities.""}"
"2025-09-08 12:53:46 UTC","10.67.110.154","https","443","tcp","nmap.nse.http-dombased-xss.tcp.443","{""output""=>""Couldn't find any DOM based XSS.""}"
"2025-09-08 12:53:46 UTC","10.67.110.154","https","443","tcp","nmap.nse.http-stored-xss.tcp.443","{""output""=>""Couldn't find any stored XSS vulnerabilities.""}"
"2025-09-08 13:01:10 UTC","10.80.4.237","http","80","tcp","nmap.nse.http-csrf.tcp.80","{""output""=>""Couldn't find any CSRF vulnerabilities.""}"
"2025-09-08 13:01:10 UTC","10.80.4.237","http","80","tcp","nmap.nse.http-dombased-xss.tcp.80","{""output""=>""Couldn't find any DOM based XSS.""}"
"2025-09-08 13:01:10 UTC","10.80.4.237","http","80","tcp","nmap.nse.http-stored-xss.tcp.80","{""output""=>""Couldn't find any stored XSS vulnerabilities.""}"
"2025-09-08 13:14:11 UTC","10.80.10.152","http","80","tcp","nmap.nse.http-vuln-cve2010-0738.tcp.80","{""output""=>""\n /jmx-console/: Authentication was not required\n""}"
"2025-09-08 13:14:11 UTC","10.80.10.152","http","80","tcp","nmap.nse.http-sql-injection.tcp.80","{""output""=>""\n Possible sqli for queries:\n http://10.80.10.152:80/WebResource.axd?d=Cr6NY1haBII3CUWgTf-vRxkAVYzK1FJ6XORbJp5zHXYb1faJ2WnIXBUQYE-i4nGMszzp_Bd8NNpxf0uVdI32lDKWS0A1%27%20OR%20sqlspider&#38;t=636476122140000000\n http://10.80.10.152:80/ScriptResource.axd?d=xTNG3CTkQ2ch2yWpKyW2lR6-8MNxixcd1VbX03dvG7lAwtwRIqxjNzohHyVIJ6Cc0ezv1etws8GncaGeNrI09XcaLsDbw6ZxNM349d9ymLjfJbNTt8a-khn_LFIWVVaIAGgGtmSysuylTTRkiJRPvlQZuWA1%27%20OR%20sqlspider&#38;t=ffffffffad4b7194\n http://10.80.10.152:80/ScriptResource.axd?d=jdvFlgJl5vfbogBSe8F1CDIqBvuCdTqXpERYgdzPpMkec74Z1164RFu9vL7Fh9-LNzTH8TYZ4um3XwWzuixWaYDrDTxz5ep_1ytRSL3U-mWs2jzWaz8EMNxVsnLUr20JK21itj8CP2NZ2zwKKHxmCRgU1cI07EHPMrxG0kcPIHfQnJZB0%27%20OR%20sqlspider&#38;t=ffffffffad4b7194\n http://10.80.10.152:80/WebResource.axd?d=Cr6NY1haBII3CUWgTf-vRxkAVYzK1FJ6XORbJp5zHXYb1faJ2WnIXBUQYE-i4nGMszzp_Bd8NNpxf0uVdI32lDKWS0A1%27%20OR%20sqlspider&#38;t=636476122140000000\n http://10.80.10.152:80/ScriptResource.axd?d=xTNG3CTkQ2ch2yWpKyW2lR6-8MNxixcd1VbX03dvG7lAwtwRIqxjNzohHyVIJ6Cc0ezv1etws8GncaGeNrI09XcaLsDbw6ZxNM349d9ymLjfJbNTt8a-khn_LFIWVVaIAGgGtmSysuylTTRkiJRPvlQZuWA1%27%20OR%20sqlspider&#38;t=ffffffffad4b7194\n http://10.80.10.152:80/ScriptResource.axd?d=jdvFlgJl5vfbogBSe8F1CDIqBvuCdTqXpERYgdzPpMkec74Z1164RFu9vL7Fh9-LNzTH8TYZ4um3XwWzuixWaYDrDTxz5ep_1ytRSL3U-mWs2jzWaz8EMNxVsnLUr20JK21itj8CP2NZ2zwKKHxmCRgU1cI07EHPMrxG0kcPIHfQnJZB0%27%20OR%20sqlspider&#38;t=ffffffffad4b7194\n http://10.80.10.152:80/WebResource.axd?d=Cr6NY1haBII3CUWgTf-vRxkAVYzK1FJ6XORbJp5zHXYb1faJ2WnIXBUQYE-i4nGMszzp_Bd8NNpxf0uVdI32lDKWS0A1%27%20OR%20sqlspider&#38;t=636476122140000000\n http://10.80.10.152:80/ScriptResource.axd?d=xTNG3CTkQ2ch2yWpKyW2lR6-8MNxixcd1VbX03dvG7lAwtwRIqxjNzohHyVIJ6Cc0ezv1etws8GncaGeNrI09XcaLsDbw6ZxNM349d9ymLjfJbNTt8a-khn_LFIWVVaIAGgGtmSysuylTTRkiJRPvlQZuWA1%27%20OR%20sqlspider&#38;t=ffffffffad4b7194\n http://10.80.10.152:80/ScriptResource.axd?d=jdvFlgJl5vfbogBSe8F1CDIqBvuCdTqXpERYgdzPpMkec74Z1164RFu9vL7Fh9-LNzTH8TYZ4um3XwWzuixWaYDrDTxz5ep_1ytRSL3U-mWs2jzWaz8EMNxVsnLUr20JK21itj8CP2NZ2zwKKHxmCRgU1cI07EHPMrxG0kcPIHfQnJZB0%27%20OR%20sqlspider&#38;t=ffffffffad4b7194\n http://10.80.10.152:80/WebResource.axd?d=Cr6NY1haBII3CUWgTf-vRxkAVYzK1FJ6XORbJp5zHXYb1faJ2WnIXBUQYE-i4nGMszzp_Bd8NNpxf0uVdI32lDKWS0A1%27%20OR%20sqlspider&#38;t=636476122140000000\n http://10.80.10.152:80/ScriptResource.axd?d=xTNG3CTkQ2ch2yWpKyW2lR6-8MNxixcd1VbX03dvG7lAwtwRIqxjNzohHyVIJ6Cc0ezv1etws8GncaGeNrI09XcaLsDbw6ZxNM349d9ymLjfJbNTt8a-khn_LFIWVVaIAGgGtmSysuylTTRkiJRPvlQZuWA1%27%20OR%20sqlspider&#38;t=ffffffffad4b7194\n http://10.80.10.152:80/ScriptResource.axd?d=jdvFlgJl5vfbogBSe8F1CDIqBvuCdTqXpERYgdzPpMkec74Z1164RFu9vL7Fh9-LNzTH8TYZ4um3XwWzuixWaYDrDTxz5ep_1ytRSL3U-mWs2jzWaz8EMNxVsnLUr20JK21itj8CP2NZ2zwKKHxmCRgU1cI07EHPMrxG0kcPIHfQnJZB0%27%20OR%20sqlspider&#38;t=ffffffffad4b7194\n http://10.80.10.152:80/WebResource.axd?d=Cr6NY1haBII3CUWgTf-vRxkAVYzK1FJ6XORbJp5zHXYb1faJ2WnIXBUQYE-i4nGMszzp_Bd8NNpxf0uVdI32lDKWS0A1%27%20OR%20sqlspider&#38;t=636476122140000000\n http://10.80.10.152:80/ScriptResource.axd?d=xTNG3CTkQ2ch2yWpKyW2lR6-8MNxixcd1VbX03dvG7lAwtwRIqxjNzohHyVIJ6Cc0ezv1etws8GncaGeNrI09XcaLsDbw6ZxNM349d9ymLjfJbNTt8a-khn_LFIWVVaIAGgGtmSysuylTTRkiJRPvlQZuWA1%27%20OR%20sqlspider&#38;t=ffffffffad4b7194\n http://10.80.10.152:80/ScriptResource.axd?d=jdvFlgJl5vfbogBSe8F1CDIqBvuCdTqXpERYgdzPpMkec74Z1164RFu9vL7Fh9-LNzTH8TYZ4um3XwWzuixWaYDrDTxz5ep_1ytRSL3U-mWs2jzWaz8EMNxVsnLUr20JK21itj8CP2NZ2zwKKHxmCRgU1cI07EHPMrxG0kcPIHfQnJZB0%27%20OR%20sqlspider&#38;t=ffffffffad4b7194\n http://10.80.10.152:80/WebResource.axd?d=Cr6NY1haBII3CUWgTf-vRxkAVYzK1FJ6XORbJp5zHXYb1faJ2WnIXBUQYE-i4nGMszzp_Bd8NNpxf0uVdI32lDKWS0A1%27%20OR%20sqlspider&#38;t=636476122140000000\n http://10.80.10.152:80/ScriptResource.axd?d=xTNG3CTkQ2ch2yWpKyW2lR6-8MNxixcd1VbX03dvG7lAwtwRIqxjNzohHyVIJ6Cc0ezv1etws8GncaGeNrI09XcaLsDbw6ZxNM349d9ymLjfJbNTt8a-khn_LFIWVVaIAGgGtmSysuylTTRkiJRPvlQZuWA1%27%20OR%20sqlspider&#38;t=ffffffffad4b7194\n http://10.80.10.152:80/ScriptResource.axd?d=jdvFlgJl5vfbogBSe8F1CDIqBvuCdTqXpERYgdzPpMkec74Z1164RFu9vL7Fh9-LNzTH8TYZ4um3XwWzuixWaYDrDTxz5ep_1ytRSL3U-mWs2jzWaz8EMNxVsnLUr20JK21itj8CP2NZ2zwKKHxmCRgU1cI07EHPMrxG0kcPIHfQnJZB0%27%20OR%20sqlspider&#38;t=ffffffffad4b7194\n http://10.80.10.152:80/WebResource.axd?d=Cr6NY1haBII3CUWgTf-vRxkAVYzK1FJ6XORbJp5zHXYb1faJ2WnIXBUQYE-i4nGMszzp_Bd8NNpxf0uVdI32lDKWS0A1%27%20OR%20sqlspider&#38;t=636476122140000000\n http://10.80.10.152:80/ScriptResource.axd?d=xTNG3CTkQ2ch2yWpKyW2lR6-8MNxixcd1VbX03dvG7lAwtwRIqxjNzohHyVIJ6Cc0ezv1etws8GncaGeNrI09XcaLsDbw6ZxNM349d9ymLjfJbNTt8a-khn_LFIWVVaIAGgGtmSysuylTTRkiJRPvlQZuWA1%27%20OR%20sqlspider&#38;t=ffffffffad4b7194\n http://10.80.10.152:80/ScriptResource.axd?d=jdvFlgJl5vfbogBSe8F1CDIqBvuCdTqXpERYgdzPpMkec74Z1164RFu9vL7Fh9-LNzTH8TYZ4um3XwWzuixWaYDrDTxz5ep_1ytRSL3U-mWs2jzWaz8EMNxVsnLUr20JK21itj8CP2NZ2zwKKHxmCRgU1cI07EHPMrxG0kcPIHfQnJZB0%27%20OR%20sqlspider&#38;t=ffffffffad4b7194\n http://10.80.10.152:80/WebResource.axd?d=Cr6NY1haBII3CUWgTf-vRxkAVYzK1FJ6XORbJp5zHXYb1faJ2WnIXBUQYE-i4nGMszzp_Bd8NNpxf0uVdI32lDKWS0A1%27%20OR%20sqlspider&#38;t=636476122140000000\n http://10.80.10.152:80/ScriptResource.axd?d=xTNG3CTkQ2ch2yWpKyW2lR6-8MNxixcd1VbX03dvG7lAwtwRIqxjNzohHyVIJ6Cc0ezv1etws8GncaGeNrI09XcaLsDbw6ZxNM349d9ymLjfJbNTt8a-khn_LFIWVVaIAGgGtmSysuylTTRkiJRPvlQZuWA1%27%20OR%20sqlspider&#38;t=ffffffffad4b7194\n http://10.80.10.152:80/ScriptResource.axd?d=jdvFlgJl5vfbogBSe8F1CDIqBvuCdTqXpERYgdzPpMkec74Z1164RFu9vL7Fh9-LNzTH8TYZ4um3XwWzuixWaYDrDTxz5ep_1ytRSL3U-mWs2jzWaz8EMNxVsnLUr20JK21itj8CP2NZ2zwKKHxmCRgU1cI07EHPMrxG0kcPIHfQnJZB0%27%20OR%20sqlspider&#38;t=ffffffffad4b7194\n""}"
"2025-09-08 13:14:11 UTC","10.80.10.152","http","80","tcp","nmap.nse.http-fileupload-exploiter.tcp.80","{""output""=>""\n \n Couldn't find a file-type field.""}"
"2025-09-08 13:14:11 UTC","10.80.10.152","http","80","tcp","nmap.nse.http-csrf.tcp.80","{""output""=>""\nSpidering limited to: maxdepth=3; maxpagecount=20; withinhost=10.80.10.152\n Found the following possible CSRF vulnerabilities: \n \n Path: http://10.80.10.152:80/\n Form id: form1\n Form action: ./Default.aspx\n \n Path: http://10.80.10.152:80/1\n Form id: form1\n Form action: ./default.aspx?ReturnUrl=%2f1\n \n Path: http://10.80.10.152:80/Default.aspx\n Form id: form1\n Form action: ./Default.aspx\n \n Path: http://10.80.10.152:80/default.aspx?ReturnUrl=%2F1\n Form id: form1\n Form action: ./default.aspx?ReturnUrl=%2f1\n \n Path: http://10.80.10.152:80/event.srcElement\n Form id: form1\n Form action: ./default.aspx?ReturnUrl=%2fevent.srcElement\n \n Path: http://10.80.10.152:80/u;k=new\n Form id: form1\n Form action: ./default.aspx?ReturnUrl=%2fu%3bk%3dnew\n \n Path: http://10.80.10.152:80/default.aspx?ReturnUrl=%2Fevent.srcElement\n Form id: form1\n Form action: ./default.aspx?ReturnUrl=%2fevent.srcElement\n \n Path: http://10.80.10.152:80/default.aspx?ReturnUrl=%2Fu%3Bk%3Dnew\n Form id: form1\n Form action: ./default.aspx?ReturnUrl=%2fu%3bk%3dnew\n""}"
"2025-09-08 13:14:11 UTC","10.80.10.152","http","80","tcp","nmap.nse.http-internal-ip-disclosure.tcp.80","{""output""=>""\n Internal IP Leaked: 10.10.32.22""}"
"2025-09-08 13:14:11 UTC","10.80.10.152","http","80","tcp","nmap.nse.http-stored-xss.tcp.80","{""output""=>""Couldn't find any stored XSS vulnerabilities.""}"
"2025-09-08 13:14:11 UTC","10.80.10.152","http","80","tcp","nmap.nse.http-majordomo2-dir-traversal.tcp.80","{""output""=>""ERROR: Script execution failed (use -d to debug)""}"
"2025-09-08 13:14:11 UTC","10.80.10.152","http","80","tcp","nmap.nse.http-vuln-cve2017-1001000.tcp.80","{""output""=>""ERROR: Script execution failed (use -d to debug)""}"
"2025-09-08 13:14:11 UTC","10.80.10.152","http","80","tcp","nmap.nse.http-dombased-xss.tcp.80","{""output""=>""Couldn't find any DOM based XSS.""}"
"2025-09-08 13:14:35 UTC","10.80.10.152","https","443","tcp","nmap.nse.ssl-enum-ciphers.tcp.443","{""output""=>""\n SSLv3: \n ciphers: \n TLS_RSA_WITH_3DES_EDE_CBC_SHA (rsa 2048) - C\n TLS_RSA_WITH_RC4_128_SHA (rsa 2048) - C\n TLS_RSA_WITH_RC4_128_MD5 (rsa 2048) - C\n compressors: \n NULL\n cipher preference: server\n warnings: \n 64-bit block cipher 3DES vulnerable to SWEET32 attack\n Broken cipher RC4 is deprecated by RFC 7465\n CBC-mode cipher in SSLv3 (CVE-2014-3566)\n Ciphersuite uses MD5 for message integrity\n Forward Secrecy not supported by any cipher\n TLSv1.0: \n ciphers: \n TLS_ECDHE_RSA_WITH_AES_256_CBC_SHA (secp256r1) - A\n TLS_ECDHE_RSA_WITH_AES_128_CBC_SHA (secp256r1) - A\n TLS_DHE_RSA_WITH_AES_256_CBC_SHA (dh 1024) - A\n TLS_DHE_RSA_WITH_AES_128_CBC_SHA (dh 1024) - A\n TLS_RSA_WITH_AES_256_CBC_SHA (rsa 2048) - A\n TLS_RSA_WITH_AES_128_CBC_SHA (rsa 2048) - A\n TLS_RSA_WITH_3DES_EDE_CBC_SHA (rsa 2048) - C\n TLS_RSA_WITH_RC4_128_SHA (rsa 2048) - C\n TLS_RSA_WITH_RC4_128_MD5 (rsa 2048) - C\n compressors: \n NULL\n cipher preference: server\n warnings: \n 64-bit block cipher 3DES vulnerable to SWEET32 attack\n Broken cipher RC4 is deprecated by RFC 7465\n Ciphersuite uses MD5 for message integrity\n Key exchange (dh 1024) of lower strength than certificate key\n TLSv1.1: \n ciphers: \n TLS_ECDHE_RSA_WITH_AES_256_CBC_SHA (secp256r1) - A\n TLS_ECDHE_RSA_WITH_AES_128_CBC_SHA (secp256r1) - A\n TLS_DHE_RSA_WITH_AES_256_CBC_SHA (dh 1024) - A\n TLS_DHE_RSA_WITH_AES_128_CBC_SHA (dh 1024) - A\n TLS_RSA_WITH_AES_256_CBC_SHA (rsa 2048) - A\n TLS_RSA_WITH_AES_128_CBC_SHA (rsa 2048) - A\n TLS_RSA_WITH_3DES_EDE_CBC_SHA (rsa 2048) - C\n TLS_RSA_WITH_RC4_128_SHA (rsa 2048) - C\n TLS_RSA_WITH_RC4_128_MD5 (rsa 2048) - C\n compressors: \n NULL\n cipher preference: server\n warnings: \n 64-bit block cipher 3DES vulnerable to SWEET32 attack\n Broken cipher RC4 is deprecated by RFC 7465\n Ciphersuite uses MD5 for message integrity\n Key exchange (dh 1024) of lower strength than certificate key\n TLSv1.2: \n ciphers: \n TLS_ECDHE_RSA_WITH_AES_256_CBC_SHA384 (secp256r1) - A\n TLS_ECDHE_RSA_WITH_AES_128_CBC_SHA256 (secp256r1) - A\n TLS_ECDHE_RSA_WITH_AES_256_CBC_SHA (secp256r1) - A\n TLS_ECDHE_RSA_WITH_AES_128_CBC_SHA (secp256r1) - A\n TLS_DHE_RSA_WITH_AES_256_GCM_SHA384 (dh 1024) - A\n TLS_DHE_RSA_WITH_AES_128_GCM_SHA256 (dh 1024) - A\n TLS_DHE_RSA_WITH_AES_256_CBC_SHA (dh 1024) - A\n TLS_DHE_RSA_WITH_AES_128_CBC_SHA (dh 1024) - A\n TLS_RSA_WITH_AES_256_GCM_SHA384 (rsa 2048) - A\n TLS_RSA_WITH_AES_128_GCM_SHA256 (rsa 2048) - A\n TLS_RSA_WITH_AES_256_CBC_SHA256 (rsa 2048) - A\n TLS_RSA_WITH_AES_128_CBC_SHA256 (rsa 2048) - A\n TLS_RSA_WITH_AES_256_CBC_SHA (rsa 2048) - A\n TLS_RSA_WITH_AES_128_CBC_SHA (rsa 2048) - A\n TLS_RSA_WITH_3DES_EDE_CBC_SHA (rsa 2048) - C\n TLS_RSA_WITH_RC4_128_SHA (rsa 2048) - C\n TLS_RSA_WITH_RC4_128_MD5 (rsa 2048) - C\n compressors: \n NULL\n cipher preference: server\n warnings: \n 64-bit block cipher 3DES vulnerable to SWEET32 attack\n Broken cipher RC4 is deprecated by RFC 7465\n Ciphersuite uses MD5 for message integrity\n Key exchange (dh 1024) of lower strength than certificate key\n least strength: C""}"
"2025-09-08 13:38:31 UTC","10.80.10.152","https","443","tcp","nmap.nse.ssl-poodle.tcp.443","{""output""=>""\n VULNERABLE:\n SSL POODLE information leak\n State: VULNERABLE\n IDs: CVE:CVE-2014-3566 BID:70574\n The SSL protocol 3.0, as used in OpenSSL through 1.0.1i and other\n products, uses nondeterministic CBC padding, which makes it easier\n for man-in-the-middle attackers to obtain cleartext data via a\n padding-oracle attack, aka the \""POODLE\"" issue.\n Disclosure date: 2014-10-14\n Check results:\n TLS_RSA_WITH_3DES_EDE_CBC_SHA\n References:\n https://www.imperialviolet.org/2014/10/14/poodle.html\n https://www.openssl.org/~bodo/ssl-poodle.pdf\n https://cve.mitre.org/cgi-bin/cvename.cgi?name=CVE-2014-3566\n https://www.securityfocus.com/bid/70574\n""}"
"2025-09-08 13:38:31 UTC","10.80.10.152","https","443","tcp","nmap.nse.http-csrf.tcp.443","{""output""=>""Couldn't find any CSRF vulnerabilities.""}"
"2025-09-08 13:38:31 UTC","10.80.10.152","https","443","tcp","nmap.nse.ssl-dh-params.tcp.443","{""output""=>""\n VULNERABLE:\n Diffie-Hellman Key Exchange Insufficient Group Strength\n State: VULNERABLE\n Transport Layer Security (TLS) services that use Diffie-Hellman groups\n of insufficient strength, especially those using one of a few commonly\n shared groups, may be susceptible to passive eavesdropping attacks.\n Check results:\n WEAK DH GROUP 1\n Cipher Suite: TLS_DHE_RSA_WITH_AES_256_GCM_SHA384\n Modulus Type: Safe prime\n Modulus Source: RFC2409/Oakley Group 2\n Modulus Length: 1024\n Generator Length: 1024\n Public Key Length: 1024\n References:\n https://weakdh.org\n""}"
"2025-09-08 13:38:31 UTC","10.80.10.152","https","443","tcp","nmap.nse.http-stored-xss.tcp.443","{""output""=>""Couldn't find any stored XSS vulnerabilities.""}"
"2025-09-08 13:38:31 UTC","10.80.10.152","https","443","tcp","nmap.nse.http-dombased-xss.tcp.443","{""output""=>""Couldn't find any DOM based XSS.""}"
"2025-09-08 13:53:04 UTC","10.97.119.225","http","80","tcp","nmap.nse.http-csrf.tcp.80","{""output""=>""\nSpidering limited to: maxdepth=3; maxpagecount=20; withinhost=10.97.119.225\n Found the following possible CSRF vulnerabilities: \n \n Path: http://10.97.119.225:80/\n Form id: form1\n Form action: ./Default.aspx\n \n Path: http://10.97.119.225:80/Default.aspx\n Form id: form1\n Form action: ./Default.aspx\n \n Path: http://10.97.119.225:80/1\n Form id: form1\n Form action: ./1?404%3bhttp%3a%2f%2f10.97.119.225%3a80%2f1\n \n Path: http://10.97.119.225:80/u;k=new\n Form id: form1\n Form action: ./u;k=new?404%3bhttp%3a%2f%2f10.97.119.225%3a80%2fu%3bk=new\n \n Path: http://10.97.119.225:80/1?404%3Bhttp%3A%2F%2F10.97.119.225%3A80%2F1\n Form id: form1\n Form action: ./1?404%3bhttp%3a%2f%2f10.97.119.225%3a80%2f1%3f404%3bhttp%3a%2f%2f10.97.119.225%3a80%2f1\n \n Path: http://10.97.119.225:80/event.srcElement\n Form id: form1\n Form action: ./event.srcElement?404%3bhttp%3a%2f%2f10.97.119.225%3a80%2fevent.srcElement\n \n Path: http://10.97.119.225:80/u;k=new?404%3Bhttp%3A%2F%2F10.97.119.225%3A80%2Fu%3Bk=new\n Form id: form1\n Form action: ./u;k=new?404%3bhttp%3a%2f%2f10.97.119.225%3a80%2fu%3bk=new%3f404%3bhttp%3a%2f%2f10.97.119.225%3a80%2fu%3bk%3dnew\n \n Path: http://10.97.119.225:80/1?404%3Bhttp%3A%2F%2F10.97.119.225%3A80%2F1%3F404%3Bhttp%3A%2F%2F10.97.119.225%3A80%2F1\n Form id: form1\n Form action: ./1?404%3bhttp%3a%2f%2f10.97.119.225%3a80%2f1%3f404%3bhttp%3a%2f%2f10.97.119.225%3a80%2f1%3f404%3bhttp%3a%2f%2f10.97.119.225%3a80%2f1\n \n Path: http://10.97.119.225:80/event.srcElement?404%3Bhttp%3A%2F%2F10.97.119.225%3A80%2Fevent.srcElement\n Form id: form1\n Form action: ./event.srcElement?404%3bhttp%3a%2f%2f10.97.119.225%3a80%2fevent.srcElement%3f404%3bhttp%3a%2f%2f10.97.119.225%3a80%2fevent.srcElement\n \n Path: http://10.97.119.225:80/u;k=new?404%3Bhttp%3A%2F%2F10.97.119.225%3A80%2Fu%3Bk=new%3F404%3Bhttp%3A%2F%2F10.97.119.225%3A80%2Fu%3Bk%3Dnew\n Form id: form1\n Form action: ./u;k=new?404%3bhttp%3a%2f%2f10.97.119.225%3a80%2fu%3bk=new%3f404%3bhttp%3a%2f%2f10.97.119.225%3a80%2fu%3bk%3dnew%3f404%3bhttp%3a%2f%2f10.97.119.225%3a80%2fu%3bk%3dnew\n \n Path: http://10.97.119.225:80/1?404%3Bhttp%3A%2F%2F10.97.119.225%3A80%2F1%3F404%3Bhttp%3A%2F%2F10.97.119.225%3A80%2F1%3F404%3Bhttp%3A%2F%2F10.97.119.225%3A80%2F1\n Form id: form1\n Form action: ./1?404%3bhttp%3a%2f%2f10.97.119.225%3a80%2f1%3f404%3bhttp%3a%2f%2f10.97.119.225%3a80%2f1%3f404%3bhttp%3a%2f%2f10.97.119.225%3a80%2f1%3f404%3bhttp%3a%2f%2f10.97.119.225%3a80%2f1\n""}"
"2025-09-08 13:53:04 UTC","10.97.119.225","http","80","tcp","nmap.nse.http-sql-injection.tcp.80","{""output""=>""\n Possible sqli for queries:\n http://10.97.119.225:80/ScriptResource.axd?d=jdvFlgJl5vfbogBSe8F1CDIqBvuCdTqXpERYgdzPpMkec74Z1164RFu9vL7Fh9-LNzTH8TYZ4um3XwWzuixWaYDrDTxz5ep_1ytRSL3U-mWs2jzWaz8EMNxVsnLUr20JK21itj8CP2NZ2zwKKHxmCRgU1cI07EHPMrxG0kcPIHfQnJZB0%27%20OR%20sqlspider&#38;t=ffffffffc820c398\n http://10.97.119.225:80/ScriptResource.axd?d=xTNG3CTkQ2ch2yWpKyW2lR6-8MNxixcd1VbX03dvG7lAwtwRIqxjNzohHyVIJ6Cc0ezv1etws8GncaGeNrI09XcaLsDbw6ZxNM349d9ymLjfJbNTt8a-khn_LFIWVVaIAGgGtmSysuylTTRkiJRPvlQZuWA1%27%20OR%20sqlspider&#38;t=ffffffffc820c398\n http://10.97.119.225:80/WebResource.axd?d=Cr6NY1haBII3CUWgTf-vRxkAVYzK1FJ6XORbJp5zHXYb1faJ2WnIXBUQYE-i4nGMszzp_Bd8NNpxf0uVdI32lDKWS0A1%27%20OR%20sqlspider&#38;t=638568604371266408\n http://10.97.119.225:80/ScriptResource.axd?d=jdvFlgJl5vfbogBSe8F1CDIqBvuCdTqXpERYgdzPpMkec74Z1164RFu9vL7Fh9-LNzTH8TYZ4um3XwWzuixWaYDrDTxz5ep_1ytRSL3U-mWs2jzWaz8EMNxVsnLUr20JK21itj8CP2NZ2zwKKHxmCRgU1cI07EHPMrxG0kcPIHfQnJZB0%27%20OR%20sqlspider&#38;t=ffffffffc820c398\n http://10.97.119.225:80/ScriptResource.axd?d=xTNG3CTkQ2ch2yWpKyW2lR6-8MNxixcd1VbX03dvG7lAwtwRIqxjNzohHyVIJ6Cc0ezv1etws8GncaGeNrI09XcaLsDbw6ZxNM349d9ymLjfJbNTt8a-khn_LFIWVVaIAGgGtmSysuylTTRkiJRPvlQZuWA1%27%20OR%20sqlspider&#38;t=ffffffffc820c398\n http://10.97.119.225:80/WebResource.axd?d=Cr6NY1haBII3CUWgTf-vRxkAVYzK1FJ6XORbJp5zHXYb1faJ2WnIXBUQYE-i4nGMszzp_Bd8NNpxf0uVdI32lDKWS0A1%27%20OR%20sqlspider&#38;t=638568604371266408\n http://10.97.119.225:80/1?404%3Bhttp%3A%2F%2F10.97.119.225%3A80%2F1=%27%20OR%20sqlspider\n http://10.97.119.225:80/u;k=new?404%3Bhttp%3A%2F%2F10.97.119.225%3A80%2Fu%3Bk=new%27%20OR%20sqlspider\n http://10.97.119.225:80/1?404%3Bhttp%3A%2F%2F10.97.119.225%3A80%2F1%3F404%3Bhttp%3A%2F%2F10.97.119.225%3A80%2F1=%27%20OR%20sqlspider\n http://10.97.119.225:80/event.srcElement?404%3Bhttp%3A%2F%2F10.97.119.225%3A80%2Fevent.srcElement=%27%20OR%20sqlspider\n http://10.97.119.225:80/u;k=new?404%3Bhttp%3A%2F%2F10.97.119.225%3A80%2Fu%3Bk=new%3F404%3Bhttp%3A%2F%2F10.97.119.225%3A80%2Fu%3Bk%3Dnew%27%20OR%20sqlspider\n http://10.97.119.225:80/1?404%3Bhttp%3A%2F%2F10.97.119.225%3A80%2F1%3F404%3Bhttp%3A%2F%2F10.97.119.225%3A80%2F1%3F404%3Bhttp%3A%2F%2F10.97.119.225%3A80%2F1=%27%20OR%20sqlspider\n http://10.97.119.225:80/event.srcElement?404%3Bhttp%3A%2F%2F10.97.119.225%3A80%2Fevent.srcElement%3F404%3Bhttp%3A%2F%2F10.97.119.225%3A80%2Fevent.srcElement=%27%20OR%20sqlspider\n http://10.97.119.225:80/u;k=new?404%3Bhttp%3A%2F%2F10.97.119.225%3A80%2Fu%3Bk=new%3F404%3Bhttp%3A%2F%2F10.97.119.225%3A80%2Fu%3Bk%3Dnew%3F404%3Bhttp%3A%2F%2F10.97.119.225%3A80%2Fu%3Bk%3Dnew%27%20OR%20sqlspider\n http://10.97.119.225:80/1?404%3Bhttp%3A%2F%2F10.97.119.225%3A80%2F1%3F404%3Bhttp%3A%2F%2F10.97.119.225%3A80%2F1%3F404%3Bhttp%3A%2F%2F10.97.119.225%3A80%2F1%3F404%3Bhttp%3A%2F%2F10.97.119.225%3A80%2F1=%27%20OR%20sqlspider\n""}"
"2025-09-08 13:53:04 UTC","10.97.119.225","http","80","tcp","nmap.nse.http-fileupload-exploiter.tcp.80","{""output""=>""\n \n Couldn't find a file-type field.""}"
"2025-09-08 13:53:04 UTC","10.97.119.225","http","80","tcp","nmap.nse.http-dombased-xss.tcp.80","{""output""=>""Couldn't find any DOM based XSS.""}"
"2025-09-08 13:53:04 UTC","10.97.119.225","http","80","tcp","nmap.nse.http-stored-xss.tcp.80","{""output""=>""Couldn't find any stored XSS vulnerabilities.""}"
"2025-09-08 13:53:04 UTC","10.97.119.225","http","80","tcp","nmap.nse.http-internal-ip-disclosure.tcp.80","{""output""=>""\n Internal IP Leaked: 10.10.10.71""}"
"2025-09-08 13:53:04 UTC","10.97.119.225","http","80","tcp","nmap.nse.http-enum.tcp.80","{""output""=>""\n /documents/: Potentially interesting folder\n /error/: Potentially interesting folder\n /images/: Potentially interesting folder\n /scripts/: Potentially interesting folder\n /styles/: Potentially interesting folder\n""}"
"2025-09-08 13:53:55 UTC","10.97.119.225","https","443","tcp","nmap.nse.http-vuln-cve2014-3704.tcp.443","{""output""=>""ERROR: Script execution failed (use -d to debug)""}"
"2025-09-08 13:53:55 UTC","10.97.119.225","https","443","tcp","nmap.nse.http-csrf.tcp.443","{""output""=>""Couldn't find any CSRF vulnerabilities.""}"
"2025-09-08 13:53:55 UTC","10.97.119.225","https","443","tcp","nmap.nse.http-dombased-xss.tcp.443","{""output""=>""Couldn't find any DOM based XSS.""}"
"2025-09-08 13:53:55 UTC","10.97.119.225","https","443","tcp","nmap.nse.ssl-ccs-injection.tcp.443","{""output""=>""No reply from server (TIMEOUT)""}"
"2025-09-08 13:53:55 UTC","10.97.119.225","https","443","tcp","nmap.nse.http-aspnet-debug.tcp.443","{""output""=>""ERROR: Script execution failed (use -d to debug)""}"
"2025-09-08 13:53:55 UTC","10.97.119.225","https","443","tcp","nmap.nse.http-stored-xss.tcp.443","{""output""=>""Couldn't find any stored XSS vulnerabilities.""}"
"2025-09-08 14:06:50 UTC","10.102.237.149","http","80","tcp","nmap.nse.http-internal-ip-disclosure.tcp.80","{""output""=>""\n Internal IP Leaked: 10.10.32.24""}"
"2025-09-08 14:06:50 UTC","10.102.237.149","http","80","tcp","nmap.nse.http-stored-xss.tcp.80","{""output""=>""Couldn't find any stored XSS vulnerabilities.""}"
"2025-09-08 14:06:50 UTC","10.102.237.149","http","80","tcp","nmap.nse.http-dombased-xss.tcp.80","{""output""=>""Couldn't find any DOM based XSS.""}"
"2025-09-08 14:06:50 UTC","10.102.237.149","http","80","tcp","nmap.nse.http-csrf.tcp.80","{""output""=>""\nSpidering limited to: maxdepth=3; maxpagecount=20; withinhost=10.102.237.149\n Found the following possible CSRF vulnerabilities: \n \n Path: http://10.102.237.149:80/\n Form id: form1\n Form action: ./Default.aspx\n \n Path: http://10.102.237.149:80/Default.aspx\n Form id: form1\n Form action: ./Default.aspx\n \n Path: http://10.102.237.149:80/1\n Form id: form1\n Form action: ./1?404%3bhttp%3a%2f%2f10.102.237.149%3a80%2f1\n \n Path: http://10.102.237.149:80/u;k=new\n Form id: form1\n Form action: ./u;k=new?404%3bhttp%3a%2f%2f10.102.237.149%3a80%2fu%3bk=new\n \n Path: http://10.102.237.149:80/1?404%3Bhttp%3A%2F%2F10.102.237.149%3A80%2F1\n Form id: form1\n Form action: ./1?404%3bhttp%3a%2f%2f10.102.237.149%3a80%2f1%3f404%3bhttp%3a%2f%2f10.102.237.149%3a80%2f1\n \n Path: http://10.102.237.149:80/event.srcElement\n Form id: form1\n Form action: ./event.srcElement?404%3bhttp%3a%2f%2f10.102.237.149%3a80%2fevent.srcElement\n \n Path: http://10.102.237.149:80/u;k=new?404%3Bhttp%3A%2F%2F10.102.237.149%3A80%2Fu%3Bk=new\n Form id: form1\n Form action: ./u;k=new?404%3bhttp%3a%2f%2f10.102.237.149%3a80%2fu%3bk=new%3f404%3bhttp%3a%2f%2f10.102.237.149%3a80%2fu%3bk%3dnew\n \n Path: http://10.102.237.149:80/1?404%3Bhttp%3A%2F%2F10.102.237.149%3A80%2F1%3F404%3Bhttp%3A%2F%2F10.102.237.149%3A80%2F1\n Form id: form1\n Form action: ./1?404%3bhttp%3a%2f%2f10.102.237.149%3a80%2f1%3f404%3bhttp%3a%2f%2f10.102.237.149%3a80%2f1%3f404%3bhttp%3a%2f%2f10.102.237.149%3a80%2f1\n \n Path: http://10.102.237.149:80/event.srcElement?404%3Bhttp%3A%2F%2F10.102.237.149%3A80%2Fevent.srcElement\n Form id: form1\n Form action: ./event.srcElement?404%3bhttp%3a%2f%2f10.102.237.149%3a80%2fevent.srcElement%3f404%3bhttp%3a%2f%2f10.102.237.149%3a80%2fevent.srcElement\n \n Path: http://10.102.237.149:80/u;k=new?404%3Bhttp%3A%2F%2F10.102.237.149%3A80%2Fu%3Bk=new%3F404%3Bhttp%3A%2F%2F10.102.237.149%3A80%2Fu%3Bk%3Dnew\n Form id: form1\n Form action: ./u;k=new?404%3bhttp%3a%2f%2f10.102.237.149%3a80%2fu%3bk=new%3f404%3bhttp%3a%2f%2f10.102.237.149%3a80%2fu%3bk%3dnew%3f404%3bhttp%3a%2f%2f10.102.237.149%3a80%2fu%3bk%3dnew\n \n Path: http://10.102.237.149:80/1?404%3Bhttp%3A%2F%2F10.102.237.149%3A80%2F1%3F404%3Bhttp%3A%2F%2F10.102.237.149%3A80%2F1%3F404%3Bhttp%3A%2F%2F10.102.237.149%3A80%2F1\n Form id: form1\n Form action: ./1?404%3bhttp%3a%2f%2f10.102.237.149%3a80%2f1%3f404%3bhttp%3a%2f%2f10.102.237.149%3a80%2f1%3f404%3bhttp%3a%2f%2f10.102.237.149%3a80%2f1%3f404%3bhttp%3a%2f%2f10.102.237.149%3a80%2f1\n \n Path: http://10.102.237.149:80/event.srcElement?404%3Bhttp%3A%2F%2F10.102.237.149%3A80%2Fevent.srcElement%3F404%3Bhttp%3A%2F%2F10.102.237.149%3A80%2Fevent.srcElement\n Form id: form1\n Form action: ./event.srcElement?404%3bhttp%3a%2f%2f10.102.237.149%3a80%2fevent.srcElement%3f404%3bhttp%3a%2f%2f10.102.237.149%3a80%2fevent.srcElement%3f404%3bhttp%3a%2f%2f10.102.237.149%3a80%2fevent.srcElement\n \n Path: http://10.102.237.149:80/u;k=new?404%3Bhttp%3A%2F%2F10.102.237.149%3A80%2Fu%3Bk=new%3F404%3Bhttp%3A%2F%2F10.102.237.149%3A80%2Fu%3Bk%3Dnew%3F404%3Bhttp%3A%2F%2F10.102.237.149%3A80%2Fu%3Bk%3Dnew\n Form id: form1\n Form action: ./u;k=new?404%3bhttp%3a%2f%2f10.102.237.149%3a80%2fu%3bk=new%3f404%3bhttp%3a%2f%2f10.102.237.149%3a80%2fu%3bk%3dnew%3f404%3bhttp%3a%2f%2f10.102.237.149%3a80%2fu%3bk%3dnew%3f404%3bhttp%3a%2f%2f10.102.237.149%3a80%2fu%3bk%3dnew\n""}"
"2025-09-08 14:06:50 UTC","10.102.237.149","http","80","tcp","nmap.nse.http-sql-injection.tcp.80","{""output""=>""\n Possible sqli for queries:\n http://10.102.237.149:80/ScriptResource.axd?d=xTNG3CTkQ2ch2yWpKyW2lR6-8MNxixcd1VbX03dvG7lAwtwRIqxjNzohHyVIJ6Cc0ezv1etws8GncaGeNrI09XcaLsDbw6ZxNM349d9ymLjfJbNTt8a-khn_LFIWVVaIAGgGtmSysuylTTRkiJRPvlQZuWA1%27%20OR%20sqlspider&#38;t=ffffffffc820c398\n http://10.102.237.149:80/WebResource.axd?d=Cr6NY1haBII3CUWgTf-vRxkAVYzK1FJ6XORbJp5zHXYb1faJ2WnIXBUQYE-i4nGMszzp_Bd8NNpxf0uVdI32lDKWS0A1%27%20OR%20sqlspider&#38;t=638568604371266408\n http://10.102.237.149:80/ScriptResource.axd?d=jdvFlgJl5vfbogBSe8F1CDIqBvuCdTqXpERYgdzPpMkec74Z1164RFu9vL7Fh9-LNzTH8TYZ4um3XwWzuixWaYDrDTxz5ep_1ytRSL3U-mWs2jzWaz8EMNxVsnLUr20JK21itj8CP2NZ2zwKKHxmCRgU1cI07EHPMrxG0kcPIHfQnJZB0%27%20OR%20sqlspider&#38;t=ffffffffc820c398\n http://10.102.237.149:80/ScriptResource.axd?d=xTNG3CTkQ2ch2yWpKyW2lR6-8MNxixcd1VbX03dvG7lAwtwRIqxjNzohHyVIJ6Cc0ezv1etws8GncaGeNrI09XcaLsDbw6ZxNM349d9ymLjfJbNTt8a-khn_LFIWVVaIAGgGtmSysuylTTRkiJRPvlQZuWA1%27%20OR%20sqlspider&#38;t=ffffffffc820c398\n http://10.102.237.149:80/WebResource.axd?d=Cr6NY1haBII3CUWgTf-vRxkAVYzK1FJ6XORbJp5zHXYb1faJ2WnIXBUQYE-i4nGMszzp_Bd8NNpxf0uVdI32lDKWS0A1%27%20OR%20sqlspider&#38;t=638568604371266408\n http://10.102.237.149:80/ScriptResource.axd?d=jdvFlgJl5vfbogBSe8F1CDIqBvuCdTqXpERYgdzPpMkec74Z1164RFu9vL7Fh9-LNzTH8TYZ4um3XwWzuixWaYDrDTxz5ep_1ytRSL3U-mWs2jzWaz8EMNxVsnLUr20JK21itj8CP2NZ2zwKKHxmCRgU1cI07EHPMrxG0kcPIHfQnJZB0%27%20OR%20sqlspider&#38;t=ffffffffc820c398\n http://10.102.237.149:80/1?404%3Bhttp%3A%2F%2F10.102.237.149%3A80%2F1=%27%20OR%20sqlspider\n http://10.102.237.149:80/u;k=new?404%3Bhttp%3A%2F%2F10.102.237.149%3A80%2Fu%3Bk=new%27%20OR%20sqlspider\n http://10.102.237.149:80/1?404%3Bhttp%3A%2F%2F10.102.237.149%3A80%2F1%3F404%3Bhttp%3A%2F%2F10.102.237.149%3A80%2F1=%27%20OR%20sqlspider\n http://10.102.237.149:80/event.srcElement?404%3Bhttp%3A%2F%2F10.102.237.149%3A80%2Fevent.srcElement=%27%20OR%20sqlspider\n http://10.102.237.149:80/u;k=new?404%3Bhttp%3A%2F%2F10.102.237.149%3A80%2Fu%3Bk=new%3F404%3Bhttp%3A%2F%2F10.102.237.149%3A80%2Fu%3Bk%3Dnew%27%20OR%20sqlspider\n http://10.102.237.149:80/1?404%3Bhttp%3A%2F%2F10.102.237.149%3A80%2F1%3F404%3Bhttp%3A%2F%2F10.102.237.149%3A80%2F1%3F404%3Bhttp%3A%2F%2F10.102.237.149%3A80%2F1=%27%20OR%20sqlspider\n http://10.102.237.149:80/event.srcElement?404%3Bhttp%3A%2F%2F10.102.237.149%3A80%2Fevent.srcElement%3F404%3Bhttp%3A%2F%2F10.102.237.149%3A80%2Fevent.srcElement=%27%20OR%20sqlspider\n http://10.102.237.149:80/u;k=new?404%3Bhttp%3A%2F%2F10.102.237.149%3A80%2Fu%3Bk=new%3F404%3Bhttp%3A%2F%2F10.102.237.149%3A80%2Fu%3Bk%3Dnew%3F404%3Bhttp%3A%2F%2F10.102.237.149%3A80%2Fu%3Bk%3Dnew%27%20OR%20sqlspider\n http://10.102.237.149:80/1?404%3Bhttp%3A%2F%2F10.102.237.149%3A80%2F1%3F404%3Bhttp%3A%2F%2F10.102.237.149%3A80%2F1%3F404%3Bhttp%3A%2F%2F10.102.237.149%3A80%2F1%3F404%3Bhttp%3A%2F%2F10.102.237.149%3A80%2F1=%27%20OR%20sqlspider\n http://10.102.237.149:80/event.srcElement?404%3Bhttp%3A%2F%2F10.102.237.149%3A80%2Fevent.srcElement%3F404%3Bhttp%3A%2F%2F10.102.237.149%3A80%2Fevent.srcElement%3F404%3Bhttp%3A%2F%2F10.102.237.149%3A80%2Fevent.srcElement=%27%20OR%20sqlspider\n http://10.102.237.149:80/u;k=new?404%3Bhttp%3A%2F%2F10.102.237.149%3A80%2Fu%3Bk=new%3F404%3Bhttp%3A%2F%2F10.102.237.149%3A80%2Fu%3Bk%3Dnew%3F404%3Bhttp%3A%2F%2F10.102.237.149%3A80%2Fu%3Bk%3Dnew%3F404%3Bhttp%3A%2F%2F10.102.237.149%3A80%2Fu%3Bk%3Dnew%27%20OR%20sqlspider\n""}"
"2025-09-08 14:06:50 UTC","10.102.237.149","http","80","tcp","nmap.nse.http-fileupload-exploiter.tcp.80","{""output""=>""\n \n Couldn't find a file-type field.""}"
"2025-09-08 14:07:38 UTC","10.102.237.149","https","443","tcp","nmap.nse.ssl-ccs-injection.tcp.443","{""output""=>""No reply from server (TIMEOUT)""}"
"2025-09-08 14:07:38 UTC","10.102.237.149","https","443","tcp","nmap.nse.http-csrf.tcp.443","{""output""=>""Couldn't find any CSRF vulnerabilities.""}"
"2025-09-08 14:07:38 UTC","10.102.237.149","https","443","tcp","nmap.nse.http-dombased-xss.tcp.443","{""output""=>""Couldn't find any DOM based XSS.""}"
"2025-09-08 14:07:38 UTC","10.102.237.149","https","443","tcp","nmap.nse.http-aspnet-debug.tcp.443","{""output""=>""ERROR: Script execution failed (use -d to debug)""}"
"2025-09-08 14:07:38 UTC","10.102.237.149","https","443","tcp","nmap.nse.http-stored-xss.tcp.443","{""output""=>""Couldn't find any stored XSS vulnerabilities.""}"
"2025-09-08 14:07:38 UTC","10.102.237.149","https","443","tcp","nmap.nse.http-vuln-cve2014-3704.tcp.443","{""output""=>""ERROR: Script execution failed (use -d to debug)""}"
"2025-09-08 14:07:52 UTC","10.74.240.44","https","443","tcp","nmap.nse.ssl-enum-ciphers.tcp.443","{""output""=>""\n TLSv1.2: \n ciphers: \n TLS_ECDHE_RSA_WITH_AES_256_GCM_SHA384 (secp384r1) - A\n TLS_ECDHE_RSA_WITH_AES_128_GCM_SHA256 (secp256r1) - A\n TLS_ECDHE_RSA_WITH_AES_256_CBC_SHA384 (secp384r1) - A\n TLS_ECDHE_RSA_WITH_AES_128_CBC_SHA256 (secp256r1) - A\n compressors: \n NULL\n cipher preference: server\n TLSv1.3: \n ciphers: \n TLS_AKE_WITH_AES_256_GCM_SHA384 (secp384r1) - A\n TLS_AKE_WITH_AES_128_GCM_SHA256 (secp256r1) - A\n cipher preference: server\n least strength: A""}"
"2025-09-08 14:42:00 UTC","10.74.240.44","https","443","tcp","nmap.nse.http-dombased-xss.tcp.443","{""output""=>""Couldn't find any DOM based XSS.""}"
"2025-09-08 14:42:00 UTC","10.74.240.44","https","443","tcp","nmap.nse.http-csrf.tcp.443","{""output""=>""Couldn't find any CSRF vulnerabilities.""}"
"2025-09-08 14:42:00 UTC","10.74.240.44","https","443","tcp","nmap.nse.http-stored-xss.tcp.443","{""output""=>""Couldn't find any stored XSS vulnerabilities.""}"
"2025-09-08 14:56:40 UTC","10.84.194.43","http","80","tcp","nmap.nse.http-stored-xss.tcp.80","{""output""=>""Couldn't find any stored XSS vulnerabilities.""}"
"2025-09-08 14:56:40 UTC","10.84.194.43","http","80","tcp","nmap.nse.http-dombased-xss.tcp.80","{""output""=>""Couldn't find any DOM based XSS.""}"
"2025-09-08 14:56:40 UTC","10.84.194.43","http","80","tcp","nmap.nse.http-csrf.tcp.80","{""output""=>""Couldn't find any CSRF vulnerabilities.""}"
